tweet,topic,sentiment_label,sentiment_score
message examine,0,1,-0.069796816
add myspace myspacecomlookthunder,0,1,0.053184994
sleepy good times tonight though,0,2,0.89225394
someone already said fiber home mean least regular,0,1,-0.12099082
23 24c possible today nice,0,2,0.9398368
nite twitterville workout ciao,0,1,0.0761905
night darlin sweet dreams,0,2,0.65744925
good morning everybody,0,2,0.8113118
finally created wordpress blog theres already blog seattle coffee community,0,1,0.36933416
kisha cnt get u til get frm u remember ur top,0,1,-0.17694929
probs sell nothing blog ill get listen band itunes,0,1,-0.15316373
quotnokla connecting peoplequot,0,1,0.07459036
read new job congratulations thats fantastic,0,2,0.9858555
woo thanks ron steeve following yeow folowerssss ps wan na got ellen show,3,2,0.84951735
yeah sure sisters take extra gd care,0,1,0.21264708
u know minichocolates shape liquor bottles liqour inside em,0,1,-0.025058117
testing see twitter works thro facebook,0,1,-0.01016254
cold man loving weather,0,2,0.84077096
ok guys weve officially launched new languages really fun ask,0,2,0.97658956
lady bought bracelet pictured twitter page background still wearing week later hasnt taken likes,0,1,-0.3649401
dwanb ate filet american morning cant see pic mobile twitter,0,0,-0.5123583
know sound voice great need euh finetuning,2,2,0.53717184
cupcake heaven check shop nice weird contact info popup tho,0,2,0.5415385
someone turn shower please,0,1,-0.039760724
love new song chorus real nice catchy gud job track recording jordan,0,2,0.9834748
alrite thanxx,0,1,-0.0013377964
looking forward new website,0,2,0.9526687
awww sweetness hes still cutie,0,2,0.8845658
thinking everything crossed turn baby turn,0,1,-0.03656269
good morning miley,0,2,0.83411443
nothing quite like finding good settings solid state,0,2,0.50094867
paid made redundant two weeks ago need job big time,0,1,-0.3867125
watching steam trains go back forth ravenglass sunny,0,1,0.3219224
yaaaaay jac training sorcerer level 35 means ill pwn soon,0,1,0.47739154
doggy cute,0,2,0.9033561
tell simon quotwho used tuks fmquot says hi,0,1,-0.05783927
wildstarb happy rezday captain quite party,0,2,0.96775824
tweeting cracker barrel,0,1,-0.03785234
check new techno records juno,0,1,0.050322823
go make duty tomorrow goodnight,0,1,0.30673763
yes mam theres nothing like starting day good song dance moves,0,2,0.90844876
brownies good time day,0,2,0.9286819
checking myspace looking bands different states add friends myspace love music,0,2,0.69116086
happy birthday grandpa 3 cats still love,0,2,0.9851433
nose clogged use plunger,0,0,-0.6419511
huy matulog ka na hahah cbroom aint done yet taking shape,0,1,-0.069107436
couldnt come better time,0,2,0.4894964
simple girloatmeal makes really happy morningand blooming wisteria,0,2,0.9785389
thats beautiful lovely thing say,0,2,0.9794952
yay well dont feel spesh,0,1,-0.35081607
mean mc escher painter dj,0,1,-0.020807281
thanks appreciate feedback,0,2,0.91936225
cause dont gems,0,1,-0.31265464
love spontaneous road trips,0,2,0.91688967
friday yet baby,0,1,0.11528495
still employed trouble stuff thats sweet,0,2,0.55156934
lets see well 25 hours sleep holds today predict massive slowdown 1430 funny,0,1,-0.17114452
came back seeing 17 againn gooddd lt3,0,2,0.9617058
maybe maybe,0,1,0.088593364
falling asleep goodnight everyone,0,1,0.3192021
ive living twitter api land long call oauth buttons,0,1,0.06543144
mates gunna chekk movie next weeki really want see boat rocked,0,2,0.8059622
totally agree anna,0,2,0.529236
follow us contact,0,1,0.10701919
love good book,0,2,0.981077
sister another mister kayla,0,1,-0.021372411
sun sky light way time promise willll,0,2,0.4982713
sounds like pretty good night,0,2,0.9440881
happy gilmore,0,2,0.9133674
lmao guess friday bad,0,0,-0.53900313
wish wasnt following could 1000 follower wayne,0,1,-0.16815591
time shower french toast together,0,1,0.24066767
today thunder louisville start derby festival love festivities even im going,0,2,0.8960211
good mornin folks think ill make couple home made egg mcmuffins go excellent coffee clear sunny 58 mornin,0,2,0.9386441
thinks kellan lutz hot smokes,0,1,-0.13308635
okay torn apart work fresh coffee peanut butter toast ill try put back together less crap time,0,1,-0.36136994
today day,0,1,0.11150338
shopped queen st sun yesterday likely last time need find sf equivalent experience,5,1,0.08838718
backgammon birthday meal friend later,1,1,0.2244898
holla chilling way buy maple syrup mmm whats hope youre great morning,0,2,0.958075
made na twitter upload photo updateee,0,1,0.09312573
heyy aww thanks much hun rock xoxo,0,2,0.9631348
heidiii love new single blackoutamazing think dress amazinggg im jealous please answer something,0,2,0.9095014
tempted morning randomly woke 530 fallen asleep 2 sanity important,0,1,0.047532305
great photographs saw guys play westjet street party short set awesome nonetheless,0,2,0.9770248
really liked im ur fan loved ur movies especially shes man funny love lt3,0,2,0.98330396
right back atchya hope youre great day,0,2,0.9794704
got showerrr myspacing,0,1,0.072068945
pipe calling,0,1,-0.0054377764
lmao love good comedy,0,2,0.9546402
thanks following,0,2,0.72531646
twittering looking miley cyrus luv xo,0,2,0.8099256
hey kim im huge fan ur like role model really hope actually meet u one day,0,2,0.9711127
going outside,0,1,0.10481654
oh demi sure knee slapper,0,1,0.0051035956
hi luv sounds like busy day hope went well,0,2,0.9441429
going mall,0,1,0.024850518
mad completing mission without app good pretty,0,2,0.88552475
boulder creek gram,0,1,0.030751452
love baby,0,2,0.9011725
well pizza good,0,2,0.9083953
qotd quothey still havent told guys story english heritage fella hes lucky still alivequot,0,1,0.1799531
im still sitting maybe ill go get air seriously need help life almost cluttered room,0,0,-0.7555118
come could use nice decadent party,0,2,0.82665616
beer corn dog know weird combo santa monica pier,0,1,-0.15209639
tweetup afterparty genji,0,1,0.06822404
know im normally il though il cool see happening world twitter,0,2,0.77540636
wife shopping great mall milpitas great prices us dollar still reasonably low us,0,2,0.9302731
goiing reedbox get moviies,0,1,0.02300515
good thing p k day jobs,0,2,0.6829309
fact didnt know library closed 6 lame,0,0,-0.7795656
aw well u ever feel like flying 2 ill help u find place 2 crash flew 2 london 4 buffy btw,4,1,0.06969078
fabulous 15 hr run desert missy kaya run errands buffalo burgers,0,2,0.8065634
ways least rate though may even bake something tonight knows,0,1,0.06722237
oh good thankyou,0,2,0.96714556
im feeling peaceful room clean ny hair cut think im ready nap,0,2,0.8841444
seth mcfarlene god,0,1,-0.0009377003
im glad guys wonderful weekend,0,2,0.9866447
sure bb,0,1,0.25536382
hehe u funny follow,0,2,0.89810973
watching ncis grey hair makes mark harmon attractive think,5,2,0.6692876
yearbook closetill look 2moro u still curious um go school exactlylol,2,1,0.053646
new osalto blog post enjoy,0,2,0.93250406
blasting across universe soundtrack,0,1,0.087603614
cool people,0,2,0.91555405
fun night got see andy yaye took ihop yum,0,2,0.9584587
show last night amazing glad able go,0,2,0.9865816
u learn,0,1,0.004631296
skyping endless fun,0,2,0.89583236
thanks following back,0,2,0.8805968
nice think ill get sleep ill enough energy enjoy horsey day,0,2,0.839545
recently matrix trilogy sittingthat tiring awesome matrix trilogy favorite sci fi film story,0,2,0.7360761
totally agree beyonce shes stupid ali larter,4,0,-0.66199476
dont forget parents often think offspring 12,0,1,-0.09502375
wardrobes often made cheese eat,0,1,-0.075142086
okay texted saying hed wake doesnt call 1pm time thx karen,0,1,0.049181744
watching idnhu vid,0,1,-0.0418514
cant wait,0,2,0.82357436
good night tonightmy journey twit ends tomorrow see tomorrow,0,2,0.6179856
janine whoa dude hahah u really put things sent u sa fb ahhahagee tnx janine,0,1,0.07543673
love diddy diddy live gt,0,2,0.75002295
ive finished eat drink badges gt lt look,0,1,-0.1857849
ready go bed long day today good night,0,2,0.5540621
got must rechargeable,2,1,0.3462656
morning irish btw,0,1,0.21211185
omg fixed ipod,0,1,0.15617236
thinks read real blog awesome like,0,2,0.94107276
quotquotdaiblackish greenquotquotsisilksoquotquot silk blackish green colori hope like,0,1,0.40190378
thank feet legs aching comment eases pain,0,1,0.086563095
anyone care comment last nights hells kitchen well,0,1,-0.31386983
watching wizards waverly place,0,1,0.08828624
sacc meet parents,0,1,-0.110984094
borrowed george,0,1,-0.128274
champagne breakfast bubbles went straight head tho,0,1,0.22189905
welcome home,0,2,0.83932906
heard bootleg remix quotif u seek amyquot kiss fm chicago,0,1,0.03591862
feels like eating 18 inch pizza yellowcab someone give,0,1,-0.14573449
happy sunday getting ready go church love god much u take care friends,0,2,0.98658615
taking dad,5,1,0.021602184
tomorrow computer im phone right,0,1,0.2955436
lololol love man uggs,0,2,0.96397245
ooooo change,0,1,-0.22877231
kim sorry sun burn hope feeling good follow please big fan lt3,0,2,0.8683944
lunch dishwashing im back,0,1,0.21646382
fu 200 followers,0,1,-0.040778413
ah nevermind thought counts also quite predictable,0,0,-0.45022988
last night good watched pearl harbour ellis ben afleck whoever plays best mate fit anth fell asleep lmao,0,2,0.88971865
lovely night,0,2,0.9651522
umm arrangement would earliest day could get,0,1,0.049848393
didnt make cos one mango short use fresh mangoes theyre season,0,1,-0.18042207
home family wet cos rain got call dad bus cos mum got worried wasnt home yet isnt sweet,0,0,-0.74127966
yeah right,0,1,-0.14416158
great thank making music goodness today,0,2,0.98588544
longest sound check ever long time type stage,0,1,0.33476868
well next time next time,0,1,0.22485735
would love see writings think youre great writer judge,0,2,0.89501214
birthday finally 19 woohooooo,0,2,0.93346596
gosh like sayig funny gosh meening word self,0,1,0.22620589
okaaay thats crazy luv ermblue omg,0,2,0.97053885
wont miss star trek movie trekkie crossdressingconference going type lmbo,0,2,0.507865
updated myspace accout love playlist gt,0,2,0.48804864
breakfast tomorrow,0,1,0.10155803
happy birthday,0,2,0.97575384
spaniards notice galician accent speak english find funny,0,1,0.43082267
mysha myreen cute,0,2,0.86627084
peaceful sunny,0,2,0.82694274
going spend sunday family,2,1,0.40452608
maybe connection shite everyone beats,2,0,-0.91780925
hahaha know im uptight thank handsome xoxoxoxoxoxoxox,0,2,0.9610015
good trance music gt redbulls,0,2,0.8976811
first opi ds desire preparing try,0,1,0.07133226
yeah wouldnt care disney channel movie really wan na horrorthriller,0,1,-0.053311646
gosh realised much film studies work pete set us meanwhile im going watch motorcycle diaries,0,1,0.31634948
excited friend date today,0,2,0.9842786
watching nba playoff coverage favourite question jazz chance lakers everyones answer far,0,1,0.08666898
men annoying,0,0,-0.91339636
spending day sister,0,1,0.22262447
watching football,0,1,0.07870044
hope everyone swell day,0,2,0.9453468
diggin mah new sweater,0,1,0.31550142
words may want one u finish,0,1,0.16613139
getting ready go bbq baby daddys house wife kidscrazy huh peacerockin bob marley tee js,0,1,0.2261445
sweet ride days green lizard,0,1,0.3818887
know mean,0,1,-0.2538597
studying happy 420 everyone xx,0,2,0.9418875
taking lunch break great rehearsal,0,2,0.79178876
careful youre tweeting,0,1,-0.011459678
great show night excited another,0,2,0.9851604
loveee sb,0,2,0.9038055
thought imogen heap dude first time heard sings low first album,0,1,-0.21208698
ahhah know want follow toooo,0,2,0.6523116
fina cut da cellie back onn c dun texd meden hit da frenz ampamp c wat iz fa 2 dayy,5,1,-0.11072993
tweeting first time watching music channels,0,1,0.064225495
think need know could go party itll pretty amazing,0,2,0.97873133
im glad pouring bit,0,2,0.8338579
sorry hear root canal good luck fun soft foods,0,1,0.30440837
loved movie zac awesomeee,0,2,0.9871053
lmao aw amazing dont think could ever get used things like hey thats hah aw dna stuffs,0,2,0.60695356
oh think figured cornucopiaamazing like chocolate covered ones yyuumm,0,2,0.9642388
well 50 dollar 6 handed tourney yesterday good,0,2,0.94358575
shit lamee foreal lmao hey follow,0,0,-0.61974657
thx 4 fb u like go get 3 albums mine free donation great time,0,2,0.9519652
giirl u better take care shit goodnight tweeties,0,1,-0.25264013
bden new puppy cute love pic,0,2,0.9781649
nice spring day birds tweeting away,0,2,0.9421237
think cover lucky jason mraz colbie caillat,7,1,0.15674563
asleep 4,0,1,-0.09823342
silly dance tryout friday find today made could wish luck pray please,0,2,0.63144326
supposed gon na drink twitter anywho,0,1,-0.045502912
thank yes expecting sure yet im due ultrasound may 14 growing fast,0,2,0.88541996
removed expired offers weekend lots expected day today chris,0,1,0.18679652
bom dia twitverse,0,1,-0.08763961
every muscle body sore weights greatbut damn middle ear problem whinge whinge,0,0,-0.3490055
lls hell noand imma witness cause 8am 10am class,0,0,-0.562522
thought might show tardisd ipod,0,1,-0.038197912
pleaseee pick really really want picture,0,2,0.73054427
whats weather like london bright sunny warm looks like spring,0,2,0.7447944
great movie keep good work,0,2,0.9732669
watching becoming jane aww james mcavoy irresistibly hawwttt,0,1,0.24450758
let us weird business see,0,1,-0.31534988
music helps sleepless nights,0,2,0.6708773
dont start accusing us getting,0,1,-0.3615915
sun shining,0,2,0.765159
great thanks things end,0,2,0.79017806
looking forward seeing planning going back next year,0,2,0.9518985
good morning ppl hoping get rid monday morning feeling,0,2,0.8517849
finally broke got tix yesterdayso ill seein yas tampa fo sho cant wait til august,0,2,0.8804745
watery tea bag brewed 2 seconds people,0,1,-0.1469771
changed name kinda match real name people know find better plus elliewoo fun say,2,2,0.71612394
hah broke,0,1,-0.25778985
eeeehhh double scoops ice cream lunch today bliss x desserts bar promotion rm4,0,2,0.6970087
dont pop see england perfect opportunity talk business think,7,1,0.13370754
im replying,0,1,0.027723864
hoping good news week,0,2,0.96957034
good morning,0,2,0.76207113
creative thing speed experience jetblue though ankle hurt little,0,1,-0.22906552
good morning twitter critters,0,2,0.7416769
msn night id say pretty good,0,2,0.94451797
good luck uk release yer album today got love,0,2,0.9767699
new twitter world thinking ob best use,0,2,0.5785211
great veggie lasagna happy marathon monday boston folks,0,2,0.9823454
everyone go outside take deep breath exhaleall well wonderfully enchanting day namast,0,2,0.9794406
remember award elementary bear creek nice schools recognize hard work,0,2,0.8247688
take photo danny pls,0,1,0.066895
start step internship may 4th see,0,1,0.05057284
post something moron,0,0,-0.90335196
awesome im glad liked im jealous,0,2,0.89422697
theres thing called twittercom quite like,0,1,0.43424514
happy birthday great day thank following,0,2,0.9904326
gmornin pursebuzz coffee,0,1,0.093437225
woken lovely phone call boy great start monday feeling itll great,0,2,0.98969233
nonfat chai tea latte,0,1,0.15319228
take care,1,1,0.22614604
understand got ta work chew gum feel like smoking dad big smoker know things,0,1,-0.34171736
hey hey,0,1,0.1427663
maybe new beginning drawing follow,0,1,0.23135927
sweet dreams twitter,0,2,0.82458293
3 hours hai nick,0,1,-0.051379725
im starting really love runninganother 3 12 miles,0,2,0.9593472
wow gorgeous,0,2,0.9405124
dentist said teeth good bit clean polish good go,0,2,0.7989307
thanks got working eventually,0,1,0.45241696
im gon na see raphael saadiq perform live tonight,0,1,0.10730234
boy back todayyay,0,2,0.87096405
back drawing exercise sleep,0,1,0.03134425
working dont 2 readd u u need 2 go 2 sleep im sorry made u come great day 2morrow,0,2,0.32346097
blog pretty lame story unreleased bike seat tip awesome,0,1,0.03901398
hey whats good roxanna,0,1,0.39173207
yeah could see pics might provide problems lolz probs less,3,1,-0.35987467
got home bought hey mondays album today im glad really good,0,2,0.9872068
love version cool,8,2,0.94774103
im still dev living beijing,0,1,0.07501233
thought lt3 thats part makes feel like still cares im still,0,1,0.37375906
amazing day today relaxing refreshing much fun,0,2,0.9844491
help culture shock sd join us hooters mv wednesday 6001200 20 check support us drink merry,0,2,0.6596919
still figuring,0,1,0.020889014
congrats mate finally away cows living flat rainy graslands city heading,4,2,0.89479804
welcome twitterverse prerna,0,2,0.6203815
make giggle,0,2,0.7093959
2 see gorgeous friends played would make holiday extra special seeing england,0,2,0.9753451
radio station nowanother day,0,1,0.09987122
came home market market watched jashs cheerdance competition fun,0,2,0.8124894
ummm like 200 votes pwease,0,1,0.4265876
contemplating goals art weekend yes know tuesday,0,1,0.33134824
fare thee well tweetdom,0,1,0.37544203
good witch bad witch glinda wasnt ugly,7,2,0.40207058
thank made day,0,2,0.9424314
ano tong twitter,0,1,-0.0991642
yeah least using twitter baby steps,0,1,0.25675148
great early morning workout getting ready work,0,2,0.9163189
gon na go eat lunch yummy veg soup crusty bread,0,2,0.93212736
country week,0,1,0.07494567
home quiz wooo,0,2,0.50530267
shape different material different purpose,0,1,-0.042473525
plans hold one ireland,0,1,0.064275876
good morning,0,2,0.76207113
bought 3ft long puzzle last supper mail wonder many piece,0,1,0.08322623
cheesecake factory yay,0,2,0.891888
omggggg later practice tiring,0,0,-0.7147905
cheers looks yummyand fruity drink responsibly,0,2,0.98669964
says hello nath,0,1,0.06964785
tucking babies 3 1 barley hanging,0,0,-0.8878939
im sharing,0,1,0.18052761
murray thinks im adorkable,0,2,0.4768501
find interesting movies sounds like good one,0,2,0.9183801
way marbella spain see u guys later,0,1,0.20517431
happy weekend great father good morning yet side globe,9,2,0.9853522
guys go site unlimited free ringtones,0,2,0.54629034
okay ill keep look,0,1,0.24471503
nm regarding previous note see account nonalltop tweets,0,1,-0.10583554
think time kill zombies,8,0,-0.57671607
thanks mention,0,1,0.346062
going bed got ta lots energy play little man pooch,0,1,0.4529113
hey wasnt message im wearing peace bracelet represent,7,1,0.15038432
would cool got rights monkey made fifth one,4,2,0.5953605
enough body hair qualify,0,1,-0.05003819
bed time,0,1,0.04347597
dont know number,0,1,-0.27434707
hopes bunnys find carrots left,4,1,0.109451465
got early took 4 hour nap blowin watching movies,0,1,0.4051314
sure recommend likeevery scent,0,2,0.84669423
good night everyone love craig,0,2,0.96926063
aww bless,0,2,0.76863396
love new profile,0,2,0.9527373
really need get fixed,0,0,-0.60130584
service keeps track services available twitter,0,1,0.05347094
yes yes,0,2,0.7217646
nope unexpected happenings sister arrived home im gon na spending time,0,1,-0.056125663
followed lc step pratt miss hills havent seen lately,0,1,-0.16496813
yehey may picture na ako,0,1,0.06911786
loved work twilight,0,2,0.9639666
listen new maccabees stuff,0,1,0.059338816
good morning friends great day,0,2,0.98086184
new haircut yay,0,2,0.7658506
locky got vapor rub,0,1,0.04369659
drinky dranky drunk bed feels nice im listening kaskade 4 cuzwellits 4 gnight suckahz,0,2,0.8838426
got email euromillions 1270 enough set record label least get first round bar,1,1,0.036206514
looks stronger,0,2,0.88615894
hey need chat sometime soon hope youre ok,0,2,0.70213795
astrodude post man let know arrives wwr pieces btw,0,1,0.026954276
followed mcfly fate ahahaha,0,1,0.2724898
thnx found,0,1,0.32709113
cant complain,0,1,-0.1211161
awesome customer service mention great product,6,2,0.9543066
tweet might well chitchat,0,1,0.084613025
drink much vodka yay,0,2,0.7939025
guess specify kids need news ones,0,1,-0.14934862
quotsummer lookquot mr brogan,0,1,0.0074678734
thanks heads,0,1,0.07966365
buhahaha time massive follow furries,4,1,0.26127237
ps wasnt meblame totally,0,1,-0.28674597
think drink arse feck think,0,0,-0.8444775
ill see since citi field firsthand knowledge,0,1,0.07885677
well goodnyte tweet tomorrow,0,2,0.8654178
thinks templates plurk gue yg skrg gimana hahaha,0,1,0.044967853
early saturday madness,0,1,-0.17137827
watching twlight comentary,0,1,0.014787659
way work bead store last day home work new jewelry designs,1,1,0.12943998
omg raining go sit outside get soaking weton second thought thats bad idea gtlt,0,0,-0.9103988
well 2 new colts ill posting myspace website join us myspace,0,2,0.56383157
lulu follow twitter,0,1,0.023943245
case im gon na start tweeting nymphomanic pub owners like cook well worth shot eh,0,1,0.09136534
pleasure thank,0,2,0.95571995
whew homepage design done done,0,1,0.4181507
emotion stuff human love accept exactly,0,2,0.5071582
okay doke u neil,0,1,-0.05315739
ill walk 4 love animals,0,2,0.7311568
real life offline dont worry happy,0,2,0.690645
sounds really good well probably leftovers good leftovers dijon chicken frittatas,0,2,0.9800391
saw gentlemen honor society soundcheck,0,1,0.38162792
hellogoodbye walkingdistance house exactly 8 hours bad cant go,0,0,-0.7656285
wowzersi twitter absent whilefunilly enoughno wthdrawal symptoms woo hooi addicted,0,0,-0.50324804
thanks follow new icon looks great,0,2,0.9870942
think im gon na demand pics one,0,1,0.053555794
quickie workout watch satc,0,1,0.08379032
hi school model search work today aka employees get dress like theyre 80s win,6,1,0.114771746
last min trip austin woot,7,1,0.4527002
well im going go bed try sleep sickness good night,0,2,0.55867004
oh well tis first time,0,1,-0.24679345
one song little boom boom pow bed yay late nights,0,2,0.5062645
saturday night,0,1,0.10970912
sounds good,0,2,0.9452885
glad liked think blue moon thats acceptable dudes,1,2,0.881459
damn thats sucks well guess try next time already follow hehe,0,0,-0.75765663
started painting old bath use flower bed iz creative,0,2,0.6633343
keeping preserving share recipes pickle sure,0,1,0.14819872
isnt past bedtime kidding,0,1,-0.07416396
people get ont twitterto late going facebook,0,1,-0.40471214
got message boards talking prop 8 marriag,0,1,-0.023701135
heyy checked ur music ur myspace loved xx lt3,0,2,0.89930594
im raspberryfilledchocolateravioli high,0,1,0.41107
got tweetie ipod touch pretty sweet got chance listen fleet foxes yet theyre lolla,0,2,0.9617266
im gon na restart computer super quick ill 5 mins,0,1,0.28168425
hahahaha luhhh lt3 ttyt,0,1,0.2785627
hello world good morning sunshine good see im fine,0,2,0.96762383
watching v4v turning goodnight,0,1,0.37287793
figuring wants dream build,0,1,0.09912662
blipfm song posted twitter,0,1,0.03625867
like outer circle inner circlestepping back lot distractions thankfully,7,1,0.31712875
thanks ill tweet updates,0,1,0.33005568
maryborough rsl guy electric guitar playing great music sweet home alabama april sun cuba,0,2,0.96239465
indeed someone said pertinent question quotwhy u still speak esperantoquot,0,1,-0.20003319
lt3 xmen sooo many hot men yumms,0,2,0.9798063
hungover stopped drinking last night body said still lying bed making tea coffee,0,0,-0.664039
watching logies eating home made pie pjs awesome night,0,2,0.9737576
sent email tony blackburn blaming,0,1,-0.28319678
im visiting kimbobly,0,1,0.09337427
711 sushi could mistake made bigger ones,0,1,-0.2574626
drinking cognac yesterday afternoon actually yes medicinal purposes must think,0,2,0.62950736
ty 4 recommendations youre twitter cheers thankyou gmoney,0,2,0.9619532
follow dare,0,1,-0.02456396
joined forces great night ended staying booty beast social night jamming thanks,0,2,0.917897
pacquiao hes really one filipinos pride,0,1,0.3765392
via looked like cross denise ozzy,0,1,-0.03766904
last minute rhus monday interesting people inspiring presentation juicy steaks,0,2,0.928314
yeah ill survive went doctors bit worse flu good 7 10 days,0,1,0.27402636
drinking milk eating yummy cookies life,0,2,0.82264686
might wet excitement day footie sun wine pizza liv,0,2,0.5018727
part quotbankquot group westminster still got theme,0,1,0.06092473
watching jonas,0,1,0.08436765
amazing hahahah thank couldnt believe saw really sweet yess song,0,2,0.97780037
know find new layout hard,0,0,-0.5291339
guess expression,0,1,-0.059129864
ohh boy craziness marlatt,0,1,-0.22664516
sounds like viz top tip true,0,1,0.3168979
wakingup bright early sunday feels good,0,2,0.97917527
dude totally found someone looked like last night amazing say least,0,2,0.95271194
oh 4 real shown would love check outcongrats getting gig,0,2,0.97854406
happy hoppus day rock,0,2,0.9817103
talk football lunchtimeanything worse happy everyone mothers day fuckinamptouchinampsuckin hahhah,0,0,-0.77489716
still waiting 30 followers helpers please,0,1,0.07838032
going mall,0,1,0.024850518
hahai went red mine love,0,2,0.8618149
gives pass three pughug free hug anyone,0,1,0.37721688
checking blip playlist im sure youd make great store though earning real kudos legal free music,0,2,0.9469376
good morning finished apple fritter breakfast fruit serving day,0,2,0.7593743
love thowill def keep thatthank much info rock happy sunday,0,2,0.9793957
mmm french toast,0,1,0.15510252
woke derek sheppards voice,0,1,0.07006795
changed life thankyou love much god bless hero,0,2,0.98442745
relaxing hard shopping day,0,2,0.73572457
listening show whilst cooking good laura kelly heidi sarah x,0,2,0.84527844
im definitely feeling better,0,2,0.9540941
aahh cuddy power truly sexy,0,2,0.9291231
yes xoxo,0,2,0.6647003
youre welcome,0,2,0.9302879
sorry like watch movies explooosions big screen,0,1,0.1252468
good sunday morning raining im going make potato soup dinner rest day lazy day,0,2,0.86545736
ahaha youre funny,0,2,0.83290464
watching butter challenge iron chef love watch iron chef im bord,0,2,0.88410807
eat family,0,1,-0.18417153
eat balut youre dude dont ask much,0,1,-0.07961241
got hey monday shirt,0,1,0.20981419
great hanging hope youre fun disney,0,2,0.9768345
oooo theyre play offs,0,1,-0.077627376
playing sims talking phone alexandra birthday 6 days,0,1,0.1520086
laying bed watching moviethinkin nap,0,1,0.10905165
planning birthday partayyyy,0,1,0.47547245
hahaha may b next week,0,1,0.46608967
whoothats crazaaay,0,1,-0.06425615
im excited see,0,2,0.97755855
drove tuckers chillin oh im crazy little ilybff4llt3,0,2,0.630438
everyone wants look like coupla years ago honestly nothing worry,0,1,0.1805116
got jaime right,0,1,0.1864347
follow 10 followers away 700 help,0,1,0.16963191
especially since didnt rain,0,1,0.13768859
nothing leg warmers cant fix,0,0,-0.4130638
holy shit,0,0,-0.32671198
twothirds actually,0,1,-0.089109756
cant say anything great song,0,1,0.14252542
supa bored fixing aim itll everyone get twitter updates delivered,0,1,-0.08163202
recommend tea party 20,0,1,0.15347026
thanks much going proud papa mode try post every single pic,0,2,0.90005803
forget longer live texas 1 good bbq 2 good steak,0,2,0.8421824
got email im friend get home sure reply cant wait check,0,2,0.81556046
minitrip erin florida june got better,0,2,0.8816339
oh well saw knew meant,0,1,-0.18369439
im following u man follow,0,1,0.39609605
please make saturday,0,1,0.46656242
hopefully roomies wont become obsessed try kill like one movie single white female,0,0,-0.4643388
red ut sand lash extensions,0,1,-0.027400382
hey homie happy birthday massive,0,2,0.96912545
believe elvis works burger king knows khlo definatly bit mystery,0,1,0.11908476
new computer woot,0,2,0.8261831
long snore couch rulz,0,1,-0.14162907
alright ill leave guys song bye bye third eye blind semi charmed life,0,1,-0.26468867
brainstorming designing love,0,2,0.5303033
im happy content,0,2,0.95335287
oh ok im another city theyre capital,0,1,-0.007368356
lets see whats demand catch guys later good luck hun,0,2,0.69269574
good nite everyone best wishes finals students rest u real world try 2 enjoy ur work week p,0,2,0.96347755
never occur,0,1,-0.28231668
finally met someone first time today trying long,0,2,0.6969407
20 wards ward live,0,1,-0.015836634
awesome got busy two weeks uni birthday melbourne,0,2,0.7117375
papers didnt mention anything hit early year well,0,1,-0.33477145
learned good news ad david congratulations cant wait see,0,2,0.9846635
cheers man,0,2,0.8668834
well need get bed chat everyone tomorrow,0,1,0.06498375
fancy 187 hun got u doin things u aint never done,0,1,-0.114584714
really needa find stastics,0,1,-0.11901466
invited join group second life called quotballistic autisticsquot cute name,3,2,0.6594607
24hrs time uni waiting start 1st exam scary working hard morning though feeling ok atm,0,2,0.56203246
get dinner,0,1,0.08448265
deplurk buhbyeee,0,1,0.20653038
eating titos home made ice cream yum,0,2,0.92773515
well good luck,9,2,0.8669038
oki great best,3,2,0.83736527
hahahahaha day,0,2,0.68878
bank holiday day,0,1,0.13017282
dont ever many times,0,1,-0.25321484
got back saw yr tweet 730pm monday mayday public holiday,0,1,0.09568474
oh nice hope wonderfully relaxing day,0,2,0.9828821
working framework web based application product registration server login site security comms done,0,1,0.20620093
totally agree,0,2,0.5929362
iphone nano iphone shuffle surprises really happens,0,2,0.6601442
love pb banana sandwiches still fav mine,0,2,0.94548273
stephen king fo sho,0,1,0.039376047
another week begins one got better last,0,2,0.9389595
mom likes milows version ayo technology good thing doesnt clue,0,1,0.39839798
yum yum love quesadillasand wallpaper matter tooo,0,2,0.9727469
shall bring glass work tonight half half hor,0,1,0.038985405
thanks elephants look magnificent miss due stupid restrictions 3g pleease cheap,0,2,0.34449273
okay well dont feel bad lmao,0,2,0.5332391
surfing twitter,0,1,0.051190265
today wonder love mondays movie theatrehere come,0,2,0.9127439
yeah spammers discriminating none females part target group apparently,0,0,-0.76632535
yet early,0,1,-0.10133283
mango shake made difference,0,2,0.61374825
back li 2hours ago n still made work yay,0,2,0.72981274
id like see picture carl john everyone read faces youre proud love eachother,0,2,0.93033534
im looking warblers seen yellow far blue grey gnatcatcher,0,1,0.10333597
see coffee table r u cominging 2 insult cleaning rest house,0,1,-0.052594457
thanks follow,0,2,0.760059
oh thanks help,0,2,0.8186703
der maaaaster back,0,1,0.16198456
every kiss give ill give three,0,1,0.43679723
old enough know better young enough care,0,1,0.14691205
oh wow really good think im going use one,0,2,0.984465
wishes wasnt bank holiday could radio afternoon least another week come ideas,1,1,-0.0019109994
har varit p hannah montana movie cool,0,2,0.8993906
man great sense humour venky pachad,0,2,0.7162077
good morning tweeties today rested richmond ready hit beach,0,2,0.7698726
good atmos decided stay til closing funny,0,2,0.58530205
16 days start moving,0,1,0.025619328
nice live buddy,0,2,0.84272647
carry childhood never become olda sutzkever,0,1,0.0878854
3 think time bed good night twitts,0,1,0.2971666
calling debby ryan,0,1,0.032079466
talk hips,0,1,-0.0005978048
tomorrow final competition,0,1,-0.035683565
im glad liked want,0,2,0.94771314
goodget rest moneymaker,0,1,0.17389321
miley stevens waterhouse jhys house,0,1,0.049391784
hahahah tell tomorrow,0,1,0.16529778
yes ily,0,2,0.88209355
dinner fam missed,0,1,-0.29708254
love song starting think one knew one,0,2,0.6808631
finished little booty duty work im hungry,0,0,-0.48003978
finally going bed woohoo got ta work 5am lots love,0,2,0.95025855
hellerrr new followerss im tricina uhhm im cool,0,2,0.92283225
happy birthday,0,2,0.97575384
little buzz epoxy paint,0,1,0.0139042735
mother city terrell texas district 2 city council seat im mia happy mothers day,0,2,0.9757762
must ask cubs fans cant fathom,0,1,-0.40606746
shall annoyingly tweet tomorrow,0,0,-0.6566257
happy mothers day allim gon na help mine right nowshe deserves ityou guys,0,2,0.98112947
great night nice meeting last night sweetheart xoxoxo bye,0,2,0.9855018
feels sickly need personal assistant keep fast food away takers,0,0,-0.8515814
nice elise rolled thas wassup fun ladies,0,2,0.9453661
look forward seeing sharing,0,2,0.923318
classic jt saturday evening,0,1,0.15447827
good jeje,0,2,0.79140496
home maddie im tired goin bed afterwards,0,1,-0.30562192
got back skating hanging james,0,1,0.15223227
well nothing give pen,0,1,-0.351624
yes ftw lmao wasnt watching,0,1,-0.17028707
omgoodness finally back dinner fam bam,0,2,0.91501904
going bed cuz get like seven thirty something tomorrow today actually bad day,0,0,-0.8845316
happy mothers day moms tough job totally worth,0,2,0.96227014
omg replied back ppl thx,0,2,0.58582073
sweeny todd deadset one best movies time,0,2,0.8310993
hugs 4 kathy though moms heaven know shes smiling accomplishments people keep positive,0,2,0.9313341
fun show grabbing bite eat,0,2,0.55820733
awesome played,3,2,0.87945986
youre cute,0,2,0.9518728
let guess devoured duck fiasco pinot,0,0,-0.53330815
happy mothers day moms,0,2,0.9751602
wishing everyone happy mothers day xoxo,0,2,0.98353994
whats yall made early night think ima bout take shower chill witcha miss anything,0,1,-0.19773613
michael cera new movie,0,1,0.06368355
cant wait 4 real bed,0,2,0.7738334
need follow could send direct message,0,1,0.14932992
happy mothers day,0,2,0.97960436
happy mothers day mothers life,0,2,0.97771627
hey twitter hows going let us know day going,0,1,0.18846814
sweet nk dreams love,0,2,0.8261851
seriously though amazing night,0,2,0.9418783
way short stack sway sway sway sway baby song,0,1,0.09578614
im calling roommate,0,1,-0.15545762
youre good friend dave wait hope dont wait long though,0,2,0.8175021
home relatives sissy posted pics cupie cousin audrey,0,1,-0.060300298
wut u want shot,0,1,-0.1812357
saigon morning n hanoi,0,1,0.058786515
great book looks fantastic want,0,2,0.98567945
happy mothers day mom mom mom mom woot woot moms rule,0,2,0.9816984
stop making assumptions dont even fucking know stupid bitches thanks defending matthew,0,0,-0.956005
like default picture meow,0,1,0.10899921
cool thanks retweeting guys,0,2,0.9755612
nako umuulan pa naman anyway enjoy bike rides,0,2,0.72348636
sounds like plan nice see positive thinking though rather usual quotmedia deadquot tosh,3,2,0.7473823
franco made breakfast mom hes trying cut strawberries safe knife,0,1,0.0020232946
miss doesnt read tweets wouldnt know emo guy,0,0,-0.620981
quotviewers linkedin profiel also viewed barack obama francisco van jole erwin blomquot im good company,0,2,0.8248565
put shelf im well proud yes twilight shelf books movies going obv prezzie lara xd l,0,2,0.88326013
happy mother day strong hard working mothers may god bless family,0,2,0.98200566
ooo showing french skills things good lovely weather outside hows u,0,2,0.9524324
hi teach chinese lessons youtube feel free look,0,1,0.29502648
know knows love,0,2,0.47210988
wishing great mothers day mom nana moms know,0,2,0.9701866
happy mothers day havent got mom present yet print amazon gift card,0,2,0.8691013
hi ate wendy,0,1,0.060186338
happy mothers day madres,0,2,0.9705107
happy mothers day greatest mothers day gift see kids serving god,0,2,0.9875927
happy mothers day,0,2,0.97960436
ure brazil rightwoop check bowling soups cover rule,0,1,-0.09673438
good night getting shakes bit though,0,2,0.65633416
watching gossip girl ithats secret ill never tell know love xoxo gg hahaha,0,1,0.44475922
elizabeth freakin awesome shes following,0,2,0.94868255
happy mothers day mom,0,2,0.98189825
like saying dousche bag hahahahah,0,1,-0.115667626
may give working sit outside sun,0,1,0.22405967
woke uphappy mothers day,0,2,0.97360945
night fever night fever know gim fever night feverwe know show,0,1,-0.032167733
thanks happy mothers day,0,2,0.9857655
pretty much day,0,1,0.113188095
soooo tired sleeping yetnot good silk screen posters todayturned ok andy warhol,0,0,-0.664128
stuff packed back airport destination ibiza yihaaaaa blue marlinjockey clubpacha restaurantocean drive hotel ready,5,1,0.17796442
happy mums day ppl,0,2,0.97719324
omg im glad theres work,0,2,0.93168175
amsimple like,0,1,0.036943093
unfortunately mother longer today give special quoti love youquot moms still,0,1,0.28007627
whatever cooking downstairs smells amazing,0,2,0.96169734
yesterday sooo much fun last night lt3 live long prosper happy mothers day,0,2,0.9907709
im brybryan around,0,1,0.08250971
makes happy happy mothers day thanks mothers cuz cute friends would possible without,0,2,0.9835615
happy mothers day,0,2,0.97960436
found heard quite cool,0,2,0.93237406
happy mothers day moms,0,2,0.9751602
lucy much love hugging u want guy hug x xx,0,2,0.94711196
road bay area quad white mocha,0,1,0.0695501
essay cultural context inside im dancing done shower food,0,1,0.048084393
proveeee itttttttttt,0,1,0.24948385
hi tom leicester see guys way denmark worth thank thank,0,2,0.8906479
hope called mom,0,1,0.06792446
adding stuff carols daughter wish listi hope someone hits,0,1,0.10776905
ps wan na see star trek,0,1,0.16691436
lolwell bad surgery,0,0,-0.7840097
eating mommymade mac cheese best kind,0,2,0.77408767
thanks hunits one favs xxxx,0,2,0.88653153
thanks really appreciate feedback ill submitting least 2 week keep checking back like,9,2,0.9568302
tee hee luff btw next time school 3 musketeres thing,0,1,0.051828045
watching hannah montanna concert dvd nice better watch,2,2,0.92848814
yea thats usual story anyway atb two days yippiiee cdcs done forever,1,1,0.18761805
tnx im glad u like cover uploaded new song quotde tiquot let know u think love dalila,0,2,0.96694237
watching csimiami,0,1,-0.004429452
suck dick,0,0,-0.8695923
lmao thanks,0,2,0.5198698
u get,0,1,-0.022225067
offend us love,0,1,0.33334213
crazy wonderful kind way,0,2,0.8826352
testing threeter info,0,1,-0.07769719
shoppin college,8,1,-0.17893852
good hear,0,2,0.84245855
ii come,0,1,0.11075662
oh waay cool else gon na get already 5 planned least,0,2,0.8894374
need excitement life,0,2,0.5677147
went quotlets frankquot today enjoy idea support,6,2,0.9281658
look lovely,0,2,0.9609903
okay everyone c im gon na try get sleep get school early boo night every one skills xd poor thumb,0,1,-0.08312942
ive decided let go cant stop rudeness hatred waste energy know feel,0,0,-0.826409
got done recording track mixtape got 16 jump,0,1,0.07066409
havent tweeted thought would tweet,0,1,-0.13227801
birthday 19th birthday,0,1,0.1405735
6 miles good keep way,0,2,0.73342425
sunburns feels good shower ice cold water,0,2,0.9677257
true story transcript prove,0,1,0.051651053
know tracks change life,0,1,0.058894515
mentions 4 times meeting yesterday guess means follow,0,1,0.019223578
love humpday,0,2,0.96603626
david archuleta adam lambert trending topics right yay love,0,2,0.9680325
yeaj nu hat mein macbook auch applecare protecion plan,0,1,0.0074574053
august loftless lease ends new rent starts september maybe move montreal month,0,1,0.024515985
im tempted another double shot espresso much fun make,0,2,0.90884537
oh shit family force 5 gon na play great america shweeettt,5,1,-0.17383535
remember probably writing professionally longer hehe,3,1,0.4444066
accommodation opportunities galore thrilling,4,2,0.91339326
went back normal style poker lost monday last night still week though,0,1,0.017809726
thats nice,0,2,0.9462426
nice presentation perhaps use person course stage online webinarteleconf course,0,2,0.84688485
damn woke late 5 mins coffee birthday tomorrow,0,0,-0.6029527
good thing,0,2,0.8499521
annnd phone back far thursday good goooooodnight,0,2,0.92326415
gnight steve get rest,0,1,0.13694632
huh us,0,1,-0.058408126
glad liked movie thinking seeing one soon sure seeing aampd maybe wkend,0,2,0.9318758
wants go starbucks tired wan na fo bed,0,1,0.09177141
playing facebook,0,1,-0.13187565
dont worry raina jsut expect email,0,1,0.07422816
going say prayers go sleep,0,1,0.0014925078
4 hours past bedtime love getting lost crochet even mess take halfway apart fix,0,1,0.18322267
canarywharf mail,0,1,0.0007811114
see gotten caught craze also roflrofl,7,1,-0.030545741
thats min enhance quotitsupquot skill dont sit back relax hafto something man,0,1,0.0065808147
congrats getting accepted week 8,0,2,0.96997446
think ill doin m8,0,1,0.098732695
im watching hope youre enjoying time ever tried eating menudo favorite food,0,2,0.80623835
well good morning working late shift tonight last night bad though,0,2,0.41273156
hey get work done happen love job though,0,2,0.8414975
happy another,0,2,0.59971154
feeling contemplative,1,1,0.32075745
nooo high life hows u,0,1,0.05220315
good morning,0,2,0.76207113
oooo nice coffee thursday,0,2,0.95634407
mmmmmm thats pretty much route im going reckons,0,1,0.059833556
lunch nice conversations work ltr,0,2,0.7993866
say hello see,0,1,0.1887477
named kittens murphey taloon illusen pooky pewters kittens names tomtom ii freya rambo kikis,0,1,-0.061130732
hey guys welcome twit,0,2,0.8163715
ill next months ill leave early get,0,1,0.05667033
thats truly unfortunate,0,0,-0.92065006
hi chris im napier communications advice looking work experience pr sector,0,1,0.039570592
gon na stay shang theyre staying might well stalk ask picture,0,1,0.049279742
hey guy link palm dead,0,0,-0.630008
thanks see youve watched startrek twice already really enjoyed,0,2,0.9820331
thanks good night good nights sleep,0,2,0.8976272
last day school musical ridiculous amount fun backstage got shushed soo many times xd good stuff,0,2,0.96333987
escuchando ulitmo directo dreatm theater ahora sonando constant motion,0,1,0.005520683
feeling better hoping allow open possibilities,0,2,0.9170198
usually late thats life mama biz owner,0,1,-0.27175915
hahah funny one lmao,0,2,0.77244276
pique get back asap,0,1,0.15727669
brilliant brilliant brilliant,0,2,0.8830189
thanks good piece tip already,0,2,0.9167703
dont know busy mesmerized richard alpert,0,1,-0.0028603747
loving summer,0,2,0.94990695
way work find new job,0,1,-0.35657734
worries wont say peep,0,1,-0.35474008
hello world defend wassuppp,0,1,0.13317515
sent questions 10 minutes ago yay hope hear back replies soon hopefully one think fake,0,2,0.7845355
dad drunk tends leave letters txt messages rare event way,4,1,-0.29535857
im excited,0,2,0.97118306
get done,0,1,0.03235115
hey new friend,0,2,0.5579793
true timeline rocks download trial version youll 30 days get project done,0,2,0.529576
thats good reli loved last pic mae feel special lt3,0,2,0.98767793
hey clairecan u add,0,1,0.037098493
talking mommy going bed,0,1,-0.033299707
well thats new wordtweetheart,0,1,0.1365701
pack pack pack pack pack punta cana three days yayyy,0,2,0.9204427
ugh dont even pay attn im like really nothing serious say loose cannon,0,0,-0.9339721
poured nats game prepared umbrella rain jacket rain boots,0,1,0.068363145
dude edward scissorhands awesome need pack girllll dont forget toothbrush blast,5,2,0.913313
exactly new still seeing bestest spa girl um spa big yay,0,2,0.95190537
updating myspace,0,1,0.1232146
hope feel better love gnite forealz,0,2,0.93926495
happpppppy birthday camillle,0,2,0.94751114
laying bed sugar lt3,0,1,0.010207232
1998 called want belly rings back,0,1,-0.0005148053
chopped peppers poblano cheese oaxaca 2morrow still goin jp,0,1,0.086506106
hey love hope youre okay im sign onto aim miss much,0,2,0.93156487
new vid,0,1,0.17040476
good night followers soontobes till manana,1,2,0.6805983
im gon na go listen right amazing would set list world tour life would made,0,2,0.896508
ahhhh im emotional drunk help memom dont judge,0,0,-0.56628966
agreed tis case many shows actual plot glad see,0,2,0.48700774
good day,0,2,0.943832
true omelette meattastic thanks treating,0,2,0.95695865
morning hayley green tea toast would sit outside sun aint warm,0,1,-0.004434541
happy national day norway hipp hipp hurra 17 mai,0,2,0.96936095
hahah grandma arrived,0,2,0.48169097
real cesar millan dog whisperer twitter ollow cesar real dog whisperer twitter account follow us,0,1,0.11227487
curtisdroppelman sorry late hey,4,1,-0.28391498
hey may right dont blow charlie spend night things work hope,7,1,0.3636664
im back number 12 smallville trivia yesssssssssss,0,2,0.8181788
still awake 504 watching,0,1,0.12188775
ahhhhhh cant contain excitement 6 days till beyonc,0,2,0.977287
still digesting frankly marvellous wild mushroom risotto croissantandbutter pudding oh thighs split,0,2,0.87290734
good night sleep well friend,0,2,0.87643415
wish could sing try dont pipes think justin martina reba would give lessons,0,1,-0.11343687
norway im soooo happy quotim love fairytalequot craaaaazzyy hot alexander rybak think im love lt3,0,2,0.98955065
good thanks tired ur early hows x,0,2,0.92665285
aim please,0,1,0.023477241
dont know,0,1,-0.23510587
shift3 alt3 depends youve got set,0,1,0.027907897
tori amos caught lite sneeze song one best albums,0,2,0.6557825
cold shower infused salt feeling fresh human lunchdinner hard boiled eggs fishball soup,0,1,0.20318007
check background whoop whoop xx,0,1,0.37408322
helped friend move yesterday moved 3rd floor apt calves killing morning help mu muscle mass though,1,1,0.23879288
gooood morning afternoon 5 minutes,0,1,0.33487704
hope youll ur concert philippine hope u great time staying phil,0,2,0.9794638
norway song one favorites along others,0,1,0.48081505
fun good movie twisted ending,0,2,0.9068705
barely going sleep turned pretty damn amazing night,0,2,0.9224911
u get done homesee quack touch base stuff nanna nap,0,1,0.045234587
morning tea twitter,0,1,0.17756614
idea raining headed monument great views,0,2,0.834406
see didnt bother disagreeing ill use grooming products,0,1,-0.012451813
home raining really nice cool relaxx till tomorrow comes,0,2,0.96101296
atlantis hubble current location indonesia wave hand guys wave,8,1,0.06322872
smc official forum,0,1,-0.0056214407
waiting lucyyyy,0,2,0.66859865
watching doctor tv via iplayer,0,1,0.065200426
well reported correlation answer quotwhyquot requires another grant ask,0,1,0.10288498
happy birthday hime,0,2,0.9810326
oh maybe good excuse,0,2,0.41605985
twitpics required,0,1,-0.014644861
nothingg bored x,0,0,-0.40512642
study uni project 1 semester go,0,1,-0.015911851
lucky thursday friday tho,0,1,0.16600771
dog watch tv keep tv via love,0,2,0.5355792
time due tomorrow mgmt due 2pm sociology 430 submitted mgmt yesterday,0,1,-0.034817953
way citymoves alkmaar,0,1,0.005888693
cant wait ad less hourlt3,0,2,0.8204776
im lovin new sidekcik lx july 4th rockstar day company members im,0,2,0.9772745
aw wa man sad kay mabuhat sa multiply pictures ang choova ra man,0,1,-0.45473847
second last sunday minnesota,0,1,0.03309259
ahh thankyou got,0,2,0.8706898
almost done packing yay even close bag without jump pretty skilled eh,0,2,0.85247016
im happy sunnybut rumor chilly outside,0,2,0.8747236
dont feelin quantity damn enough fo least 20 ppl,0,0,-0.83982736
start summer sme day next week nd use bril weatherid love b germany winterwuld b bril,0,2,0.8275034
get want yes thus stepfordish behavior see ham sausages much,0,1,-0.039123625
convince cook italian food research story,0,1,-0.012424096
5 days work till summer vacation one perks teacher,0,1,0.05157459
fine excited im going shopping l8ter,0,2,0.98134243
delonge day,0,1,0.020424396
today love sundays sunny days,0,2,0.9827857
bye talk 2 u soon x,0,1,0.3078083
damn new twitter background fucking amazing like,0,2,0.8010954
krisy kreme hot sign,0,1,0.269269
marks spencer cupcakes yum,0,2,0.8786917
didnt really much revision today prob isnt good idea seeing exmas tomorrowah well ill fine,0,0,-0.545795
naaaaicevery naaaaaice,0,1,-0.112507716
nothing major portfolio design nifty custom jquery sliders suchlike hope sell themeforest,0,1,0.11010902
daughter sounds like right star,0,1,0.35611847
lastly vlogging response responses,0,1,0.0029425994
nap time going get clean room quot 8 im going watch jonas yay,0,2,0.6777649
nm like new display pic someone made xxxxxxxx,0,1,0.46305308
went college didnt know,0,1,-0.32221526
wow ok im feeling motivated,0,2,0.96044105
lunch almost means im half way done work,0,1,0.119073816
looking summer jobs paris,0,1,0.04077116
mean girls 2,0,1,-0.004217513
enjoying lovely sunday afternoon got back babysitting gon na go shopping get coffee,0,2,0.94220054
wow myspace prof pic hott,0,2,0.9076564
whooo amazing loved,0,2,0.97586614
tweet tweet,0,1,-0.02261804
dont know theories u want 2 write ive write abt amelia,0,1,-0.19480164
hello tweetamigos new video,0,1,0.28295872
caps nice,0,2,0.6652479
snuggles poor baby least got bit thats something stay bed snuggle wanimals,0,1,0.10156603
pinkberry city 09,0,1,0.10466859
youre freak man,0,0,-0.90658975
maybe next timeeeeeeeeeeeeee,0,2,0.61167514
yay one kittens alive shes another one right,0,2,0.8320613
right another hours revision tonight might see films later sky,0,1,0.120474674
going sleep created account,0,1,-0.12965955
yupit response smelly visual got comment loli want 2 come 2 uk soonthrow party dj u dhol,0,1,-0.087089285
sweeeeet found first cache ever tobermory,0,1,0.4305738
well earned rest big bar cadburys big mug tea,0,2,0.68063056
tired cant miss lost coffeeeeeeeeeee xo,0,2,0.2485239
heh fine forgiven,0,2,0.7231963
long weekends perfect work projects,0,2,0.8375513
heat want full shopping report k squeee,0,1,-0.049952164
thank give look im honest quite like 140 char challenge,0,2,0.4954765
watching jumanji bed super sleepy text day,0,2,0.48025942
writing haiku like twittering,0,1,0.02203925
dont make mccoy,0,1,-0.3064242
long weekend canada heading border little shopping change scenery good one see tuesday,0,2,0.8983207
everyone follow theyre fags,0,0,-0.87779886
soo hungry hot dogs fixings sounds yummy,0,2,0.9742409
umm recovering,0,1,0.043056585
really cruel streak,0,0,-0.8800086
first time going omalleys last night pretty cool felt like back london cheers mate,0,2,0.985226
whats new digital mkt,0,1,0.02024097
gettin ready work lt3 jacqueline,9,1,0.0652951
good deeds today,0,2,0.9538725
topi ure back,0,1,0.46197045
mmmm smells like homemade enchiladas mexican rice,0,2,0.6000558
give love,0,2,0.58291334
quite tasty worth three hours takes complete,0,2,0.7017095
star trek mile,0,1,0.12234926
omg heard lakers today ah made day,0,2,0.7914327
may hang pa ko sa bonding m0ments kahapon hahaha time,0,1,0.22788385
want bring new sound world something different love respect ye diggg,0,2,0.8819118
hurry calif experience earthquakes,0,1,-0.07664498
best friends birthdayyy,0,2,0.97834367
would like lunch,0,1,0.4392771
ill alwayss,0,1,0.13040389
never late try mom bought guitar learn play back talk abt forcing u bed,0,1,-0.039974615
nick quotare kidding swagga wantquot ahhhh makes laugh lt333,0,2,0.55710703
uncle tony teaching mikael drive,0,1,-0.026005436
thanks glad know,0,2,0.89768547
yeah listened song dead onlol,0,1,-0.23378995
saw star trek today good really impressed loved simon pegg anton yelchin,0,2,0.9869844
heading back apartment wan na get rest cool rainy weather,0,1,0.3849025
strikes today sure side nice sunny,0,2,0.8415959
h may l chiu nay tri nng ch hem c nng,0,1,-0.035422042
one day soon,0,1,0.29897925
mmhm goodnight work,0,1,0.19992971
recording music nona hendryx labelle hit back sometime hope talk soon best alex,0,2,0.5475577
gon na keep happy tonight costs thanks kurt hinder use,0,2,0.86644644
thanks comment yes trying best make days,0,2,0.8059294
wow good know,0,2,0.8850237
goodnight im vancouver bc,9,1,0.46986207
toodles tweeters goodnight,0,2,0.5020631
im listen dont fight feelin think great song lls juan voice oh boooooy,0,2,0.90102047
hello meeting evening start around 9pm today,0,1,0.11485191
hi nicky url got error,0,0,-0.5803255
morning workies today least dont start til ten,0,1,0.2212956
better man early back bed,0,2,0.49751106
thanks lyn,0,1,0.16166842
aw yeaaaaaa legs kill maaan,0,0,-0.81214494
lol5 shells thrown fountain give one poupee item,0,1,0.109804526
polyvoringg heyhey visit links yha,0,1,0.124686085
thats interesting follow 21 thats wicked sweet blackjack number,0,2,0.9640225
cold im whining,0,0,-0.8473734
hmmm sometimeswell time,0,1,-0.0029815063
cibernetica aser prieteni proiecte greutati reusite start,0,1,-0.06601538
getting ready bed interesting night glad know last time text euhh,0,2,0.92408866
hit 500th update cool,0,2,0.9021598
hey marktoday great hope happy monday time see,0,2,0.9869366
happens get coffee cornflakes help,0,1,-0.12361408
epic donut bread pudding sounds disgustingly good,0,2,0.12935981
find innovative sub heavy half time bassweight electro steptech let know u think,0,1,0.10582316
91610 isnt 90210 maybe hahaa way man san francisco xx,0,1,0.28156075
hahaha wap lang sa phone cool noh try mo,0,2,0.6448109
sitting dalesy library media revision fun fun fun,0,2,0.9045881
reasons use tweetlater,0,1,-0.06266509
love rachel alexandra woo girl power,0,2,0.94726115
things get done day ends,0,1,0.19598496
morning tom woow cant believe u coming brazil soon im counting days see u xoxo,0,2,0.8706502
happy cry,0,2,0.60385305
morning whats weather like neck woods im hungry great breakfast radisson,0,2,0.94076735
aww well im sure time come round soon,0,2,0.58350426
giggles thanx think,0,1,-0.23008811
ohh reaction record us see,0,1,0.013405524
wish soon friday monday syndrome,0,1,0.41764277
danke freu,0,1,-0.014343455
take shower,0,1,0.041035317
want hear air spaceman ginoandfran live gt,0,1,0.08008458
studio audience promise behave,0,1,-0.1210835
quotgt 2 ss,0,1,-0.032813326
june 25 im going see metro station katy perry time low nd others under18 festival barcelona lai patt,0,1,0.14566192
leaving victoria oxford tube next stop lunch,0,1,0.044765055
want speyside highland single malt cragganmore oban two good options,0,2,0.69548166
hey cashier cool love fastfood discount xd yes better release zg summer tour,0,2,0.9791091
wat since bored check mscaseycarterblogspotcom,5,1,-0.17237236
twitter adium,0,1,-0.056496166
didnt realise passed thousand updates number 1011 actually,0,1,-0.23451327
life yorkshire way today,0,1,0.1308453
sisters new car nice,0,2,0.90903854
yaya no1 woo hoo deserve xx,0,2,0.9369634
goodmorning good hear cut red bull bed,0,2,0.8068785
yeah right ill let know,0,1,0.117399365
yay guitar lesson tomorrow show nathan new skillssssss totes social meeting tomorrow coaching,6,1,0.30917674
hope youre fun portugal coffee good,0,2,0.96510506
great week sarah,0,2,0.944409
dads surprise bday party plaridel,0,2,0.5758531
hey tweets,0,1,-0.025635734
yeah youre right slept 2 days im half dead,0,0,-0.46972907
im waiting code geass come cowboy bebop round good monday night,0,2,0.81758916
cannt remember many text updates got fromm youu sleep well text later,0,1,-0.11686409
early night help little sleep aid edward twilight goodnight zzzzzzzzzzzzzzzzzzzzzzzzzzzzzzzzzzz,0,2,0.56786054
words show feel,0,1,-0.034088865
omg thats crazy weather,0,1,0.2680396
omg soo cute,0,2,0.9715303
first twitter everthis feels momentus,0,2,0.5458046
hope run u enjoy,0,2,0.7949743
oh part tourofnilgiris thats great cycle,0,2,0.94085175
way 200 tweets,0,1,-0.022100069
jst finished dinner watching spectacular bedtime stories tht oh yes ink fingers darn printer,2,2,0.70484656
hope like,9,1,0.2666995
happy birthday,0,2,0.97575384
said yes guys im engaged,0,2,0.69488883
want ride bicycle want ride biiiike,0,1,0.32432815
freal real sno problem alll,0,0,-0.63129735
added heaps new celebs lana think true twitterers ily,0,2,0.8871617
looking homebased job would like offer services please dm ill try help u find work,0,1,0.44221506
good morning twitter friends time work long vacation,0,2,0.78692883
im boat currenlty looking flats dread tellin mother good luck though hope goes well x,0,2,0.8198412
hope youre enjoying tea,0,2,0.8191053
would beyond excited,1,2,0.9692093
ashley tisdales quotits alright okquot tv wan na take brush sing loud ddd,0,1,0.44094607
tell said hi,0,1,0.027512118
letting go sigma 50mm f28 macro lens canon mount 105k getting one longer reach,0,1,0.07856628
hello guys today im happy,0,2,0.98626995
thanks advice,0,1,0.13708517
morning mrhotrod,0,1,0.19882625
yayyyy im happy right,0,2,0.98162013
ah yes robotics one richard prior,0,1,0.24131918
happy birthday,0,2,0.97575384
knew iht along w roflmao,0,1,-0.0029850006
absolutely goodnight,0,1,0.42526942
headed sunny san diego today work,0,1,0.40679157
dp avatar created yahoo 2006,0,1,-0.06284824
hhmm around 1230,0,1,0.050832145
yeah paying rent eating way cool next road trip edmonton well discuss nipeg,0,2,0.94021785
girls still sleeping poked little grumbled snuggled farther dog doesnt even want get,0,1,-0.3102709
waitingi train oh almost 12 hour ride maybe ill write,0,1,0.059974022
first day work,0,1,-0.07245933
otown day,0,1,0.037728265
well got email must,0,1,-0.011439227
areas immediate area really dont bother plan longer drive time,0,1,-0.27565765
knew george bragging anything,0,1,-0.12017422
fantastic meet doc im glad spoke helpful cant wait see comes,0,2,0.9874371
id interested thoughts couple months,0,1,0.1855034
ok lets save date passion party june 13 passion party dont exact location yet def going dwn,0,1,0.20838968
getting started day going find exactly reaches peoples checkbook,5,1,0.039816495
excited first caterpillars season,0,2,0.9789622
saw trailer road et want watch,0,1,0.06355949
consolation missed french kids today,0,0,-0.54405093
getting warm outside get black ass working wan na work 2gether,0,1,0.017896608
hey nice layout,0,2,0.9423026
heading weho,0,1,0.027011275
way raise money cure nf dont train sample fundraiser,0,1,-0.09469268
let get ready still lot go wedding day,2,1,0.19435003
congratulations another sale,0,2,0.96398526
morning feeling great morning probably something weather fact friday tgif,2,2,0.96553624
really cute,0,2,0.9586251
created account logged 1st time joining hype,0,1,0.15745182
youre uk friend tho youre still welcome conversation hahahaha,0,2,0.8936697
look great,0,2,0.9434158
hello bc metagame watch space,0,1,0.04093704
ok bad dont even trip subject lmao,0,1,-0.34460187
get bedmaybe 5,0,1,0.085285485
bus way liseberg,0,1,0.054845482
hi xaviermedia found way get thousands twitter followers check,0,1,0.33856955
tweet dreams,0,1,0.0270501
hi xaviermedia found way get thousands twitter followers check,0,1,0.33856955
dance want,6,1,0.13109532
good morning gorgeous day,0,2,0.9788718
yeah type beer good stuff,0,2,0.902267
ohh thank thank,0,2,0.9283484
really tiring day lot technical shoots apple eating,0,0,-0.87125903
bought tix please dm pa band scheduled play get free penn state media promo,0,1,0.16749534
organic wine kills also happy birthday old morrissey,0,1,0.1658606
much perhaps long weekend,0,1,0.12236736
know hee hee,0,1,0.118133016
hi tim thoughts buenos aires written anything going soon,0,1,0.013259705
aww didnt get tweet goodnight morningafternoon ill catch next time soon tca hugs,0,1,0.05009216
twitter got whole lot better welcome world tweets,0,2,0.9433094
day much better night,0,2,0.889034
go well experienced guy among us,0,2,0.5843073
reminiscing used street corner read poem wall every day,1,1,-0.08112353
think id go run,0,1,0.014344469
nice even better three day weekend hours away,0,2,0.98059684
hogs breath waiting table,0,1,-0.073909745
finally done bathroom almost 2 yrs late im happy done ill put pics tmrw good night good morning,0,2,0.9472248
gogol bordello awesome really nice night,0,2,0.9867742
im hoping young singing buddy behind car way home tonight,0,1,0.48649347
heading brick lane portobello sunshine,0,1,0.26641658
ive done much work much crazy,0,1,-0.012076512
yes absolutely,0,2,0.7029083
thank milady,0,1,0.23096332
wanted send love wish luck world,0,2,0.92533755
good isnt,9,1,-0.33992642
thanks much,0,2,0.5224897
arggh started raining lets hope gone bit,0,1,0.06318713
soo lame jst staying home facing comp lols urs,0,0,-0.63933146
finished finished finishedyay trek tomorrow yes please,0,2,0.84551376
biscuits bagels im gon na tea eat food later kind biscuits,0,1,0.053862546
1 shot tequila 1 glass choya n brut nice nice,0,2,0.81463057
good luck man,0,2,0.91461766
aj rafael awesome musician famous youtube covered song dont forget please watch good,0,2,0.96883816
thanks guys mentions,0,2,0.6764896
heres plan gsp 2 atl 2 dc pick mom 2 paris florenceitaly south carolina see dad eat lots meet hott italian home,0,1,0.16642827
sorting car insurance lady phone currently trying get better deal boss,0,1,-0.037808888
open invite tweeps degree show lsad clare st limerick 13th june 6pm meet get pissed welcome let know,0,1,0.35167345
even harsher,0,1,-0.41594294
great day,0,2,0.9665673
indianapolis almost memorial day weekend indy 500 timeand really excited going hooray,0,2,0.98683226
camera wont today sorry,0,0,-0.6805534
think saw na im sure,0,1,0.0591645
happy birthday dudeee,0,2,0.98353475
awards day today,0,1,0.0525866
hey princess,0,1,0.31550893
new hand bag fabulous,0,2,0.9339735
gon na watch movie k8,0,1,0.07227683
spammers seem starting twitter spam accts w legit lking twits like quotyay joined twitter friends wouldnt stop talking itquot,0,0,-0.4934437
mom phone lille next week end,0,1,0.052614592
ive decided put tai ji quan article ive gone wudang mountain also free,0,1,0.12007552
clumsy wear finger condoms next time protection,1,0,-0.62319356
long weekend bc monday bank holiday us bank america bill collectors,0,1,0.07257105
gettin rdy another interview,1,1,-0.021883428
breakfast oh ready graduation rise shine everyone,0,2,0.6927071
spinach chickpea curry dinner staple house since bought vegan vengeance fav cookbook,0,2,0.5258522
good friday night,0,2,0.89451164
whats matter today look sun shiningtry,0,2,0.9170599
glade day jst laundrey update computer,2,1,0.04161045
later work money money money makes funny,0,2,0.6783439
eat something pancakes,0,1,0.00080568343
mad song guys,0,2,0.6199921
u wants know spookers,0,1,0.00046651065
arnt laughinggg,0,0,-0.7288614
let office wars begin,0,0,-0.54382545
watching daily show,0,1,0.024344087
gt generous giving friday love,0,2,0.813884
welcome aboard thanks new follow finallybeen watching u like month,0,2,0.9679396
real one better like peacefull people,0,2,0.45087904
hope everyone fabulous friday happy safe holiday weekend xoxo summer,0,2,0.9801152
shar yjech feel better theis morning stell feel deazy nothing compared tommy pain,0,1,0.22682339
first follow friday thanks dude,0,2,0.86480856
need tips pr using twitter business hosted,0,1,-0.0071491078
im going movies friendsss,0,1,0.46082604
ooh wee minatures vodka coming way tonight,0,1,0.14701176
going nj cats competition,0,1,-0.024801519
thx 4,0,1,0.08465177
sun loves,0,2,0.76008403
thanks guys,0,2,0.7203928
right trying convince homegirl thats lounge type thing happens bowling,0,1,-0.03961653
watch ok wants make,0,1,0.043796226
need alcohol lucky bank holiday weekend beer oclock,0,1,0.0893666
thank ff,0,1,0.1949219
got back dinner dessert girls,0,1,0.24161391
probably good idea,0,2,0.8305712
clearly quit,0,0,-0.5868853
howitzer aka quothowiequot playing sam sun,7,1,0.03652044
bonjour twitters twitteretts tgif,0,1,-0.06724925
yet another day jury duty sleeping annas,0,1,-0.4604281
bored work esp disney yesterday amazing wait weekend though sad sarahs leaving,0,2,0.7894897
hello new followers,0,2,0.5668879
oh fotos diff tests related certifications must get project,0,1,0.0020663813
good morning twitter world,0,2,0.82566464
get better soon amber,0,2,0.7230502
know see shirt,0,1,0.012161389
hey follow please,0,1,0.41278744
yay dc roll,0,2,0.56906664
lower could related serious problem many doctor conversations im ignoring minute,0,0,-0.8891963
thats awesome funny picture bout monk love,0,2,0.98205274
well mouth forehead stopped throbbing getting better think much tolerable,0,2,0.7676057
hopefully getting sushi dinner tonight,0,2,0.83832324
good morning shes twitter virgin,0,2,0.6309391
way kill medusa image priest bikini cant get image mind thxsoooomuch,0,0,-0.7669035
thanks leeann,0,1,0.3933739
need sleep early night everyone p,0,1,0.08792429
big hand lt someone pass,0,1,-0.05318127
maybe let us know,0,1,0.06662812
im kill,0,0,-0.57867444
quotone fav photographersquot wow vielen dank,0,1,-0.08892786
control freak,0,0,-0.831793
basking sun kate,0,1,0.07746282
justttt woke styl bed though,0,1,0.027179018
im listening wonderful days 208 showtek remix definitely something,0,2,0.86644924
lady olive garden garden ask cared wine hmm look 21 cheries madd lmao,0,1,0.14773516
check bens new video clearly much time hands holiday weekend,0,1,0.29863736
really enjoyed mccains frozen pizza better delivery,0,2,0.96780056
would like say best friend whole worldliterally lovesss im glad youre feeling better,0,2,0.9760822
thats twitter silly,0,0,-0.62166643
ive done spamming night heh need go write howdy hope folks good day,1,2,0.809822
im waiting seat sale october flights ba im refusing pay fullfare ever esp year,2,1,-0.38005984
liked movie,0,2,0.9207638
cant pick one,0,0,-0.44605637
thank dont cases 2 read fiddle around hair color ppl dont know,0,1,-0.45595628
watching role models w thomas,0,1,0.04213132
hahahahha awh nick j bahahah oooooh thursday im glad get see one,0,2,0.97087324
thanks appreciate feedback,0,2,0.91936225
charlie bucket leisure nappingof course,0,1,0.124729976
im bored number happen reading text call took nap awake night,0,0,-0.51358706
bish added daily booth,0,1,0.08403006
ohhhhhhhhhhhh mikeeeeeeeeeeee,0,2,0.48373947
bed make sure join challenge thanks fabulous,0,2,0.94820666
thats havent seen gawsh kinda missed,0,0,-0.55655825
jonathan went met brandon lindsey friends san fran area lots fun nice weather,0,2,0.9708119
im excited bout saturday hope fatin make time,0,2,0.9833836
melting pot happy hour yumm hope dont get bad gas cheese n beer,0,2,0.74133646
hayyyyy lmfaoo omg means phone steppin im lovin,0,2,0.9703313
hah knew itt,0,1,0.01942031
follow me1,0,1,0.21003099
okay good knight twitter world hubby time,0,2,0.6004322
ok ill mark calendar,0,1,0.01231382
listening john legend reading cosmo,4,1,0.08535573
realllyy blushin,0,1,0.3858491
im going sleephave fun folks nite nite tweeties,0,2,0.9427807
right nsfw gtgt,0,1,0.020010877
highpitchedgirlyshriek made day scrap week,1,1,0.35585064
yes execution vision start,0,1,0.18321785
hate weeks holidays managed physics wasnt bad hope,0,2,0.7087196
sometimes let go,0,1,-0.05214645
thinking joining marathon sometime summer schools 13 days,0,1,0.060084864
mmmmmm write song,0,1,0.023133311
made laugh,0,2,0.77180827
watchin firefly,0,1,0.12003982
well makes hate even moreee ove maen eachother loveeeyy,3,1,-0.062475592
thanks guys love,0,2,0.96323156
meant im going bed nightdef going thanks anyway 1000,0,2,0.51931477
cant u guys flirt phone dont share everyone nick,0,0,-0.52463436
broken heart torn letters,0,0,-0.7677532
sux luv u taytay,0,2,0.94340193
assure youre one wan na listen,0,1,0.08412142
thanks debbie madz free coffee donut,0,2,0.80234236
click mouse quotmurder designquot episode 1 submitted approval,1,1,-0.028351065
exactly 6 days last time metsaw,0,1,-0.018897258
thought show casts want star nothing,0,1,-0.42979452
bis connection kaput bbm feels lonely,0,0,-0.5959119
love nonchalant blunt tony montana didnt give f nobody say spoke felt funny,0,1,0.13612553
lt333333333 love,0,2,0.8478632
ive added least 300 pple today yeah keep adding giggles know well fin guys,0,2,0.70978713
used love song,0,2,0.4977645
thoi ci kh ty ch ch pa,0,1,-0.07853544
wonderful day scott awesome im happy night everyone,0,2,0.9891142
yes understand cool,0,2,0.90913904
id much prefer eat australian beef,0,1,0.15376371
aw well thank nice say,0,2,0.9271772
much fun today altho raining want lt3,0,2,0.9623891
yeah im auditioning next week eeeekd,0,1,0.21403177
girls night word word word,0,1,-0.010241799
shhh dont tell anyone wont tell anyone,0,1,-0.23344663
time comatize 10 hours,0,1,-0.02111077
aww love daddy hes going talk vip college want move get hes softie,3,2,0.94606453
going north weekend brightsideim going dance ass wedding,0,1,-0.028601244
love bestie always treating,0,2,0.9643954
july 12th last plano centre show going garland special event center shows,0,1,0.0429394
hey bella,0,1,0.099325836
large 5 dollar pizza dominos yummy,0,2,0.95745826
life crap emoed youuu,2,0,-0.89962417
snl old school bspears loveeeee,0,2,0.93282795
tnx dear,0,1,0.067107975
friday cross fingers ashleys soundcheck best,0,2,0.80861706
yet another pixar movie hits close home,0,2,0.676799
love kings,0,2,0.9026217
looking homebased job would like offer services please dm meill try help find work,0,1,0.38265997
prepay ftw im xt prepaid custy,2,1,0.05622876
forgot grab baby girls room tonight ill tomorrow dry try line drying summer,0,1,-0.11085605
belated congrats baby mother four honestly say thank god,0,2,0.98500454
aww hehe drop us line,0,2,0.5075222
merzbows nicegood work give lamb gods latest album listen seen talking gojira day,0,2,0.93867534
welcome twitter,0,2,0.68132037
eeew actually deserve stuck indoors 3 pm blergh,0,0,-0.7282623
lumpys drinkvery chillthe boys didnt wan na drive far woulda bar named sue,0,1,-0.11795255
good know boys looks like big plan underway,0,2,0.76451737
got retweeted,0,1,0.3299686
superb greatness,0,2,0.7682307
sorry miss read say couldnt fit arse brixton lido,0,0,-0.79866344
ta trail type changes mean changes reasons specifically particular nature,0,1,-0.068866275
pain du chocolat chocolate milk pea pods late dinner yummmm,0,2,0.8822495
good morning whats,0,2,0.71757156
owh hahahaha get,0,2,0.5277495
tare deja sunt 10 gata rezolve deschid eu licitaie pt bin packing problem oare ci fac quoton time budgetquot,0,1,-0.21406403
hes u coming dvd,0,1,0.04027252
hoping 7day beach scuba break julysept go see polar bears canada oct,0,2,0.6366411
moreeeee thann everr,0,2,0.67587805
aah time take mini cabrio test whole weekend great comes rain,0,2,0.7581492
yeah u definitely,0,2,0.5034528
little cool thing dialogue quotideaquot numbered 1000,0,2,0.8363896
dont see mate bit far home,0,1,-0.27990472
u kno,0,1,-0.058918968
im cookoo cookoo cookooo,0,1,0.45694515
collegeeeeee sun puts good mood,0,2,0.9599602
tease look forward hearing later,0,2,0.9155948
arrrgh reputation,0,1,-0.3962235
fixing multiply,0,1,-0.017921776
elton john great song mastered piano,0,2,0.8447475
nah nahdont worryeven u eat penguins wont kill u judgements passed explanations demanded,0,1,-0.28328076
lt3 easter eggs though,0,1,0.33212855
yeah saw internets today listening,0,1,0.03906092
funny day today got rubbed grass girlfriend mine water fight,0,2,0.9212957
wuhu going poker night,0,1,0.041462794
back form seeing jonas brother 3d fab lased jb songs drive home good times,0,2,0.89062226
analog heart continuous play driving doctor love fridays brag,0,2,0.6491309
go try yummo super hot plecing kangkung ayam bakar taliwang sexy food exotic countryindonesia,0,2,0.9413965
im going,0,1,0.10549338
simply best dont know anyone else would go around croud taking pics w everyone lt3,0,1,0.41525292
james mo tonight aaaaaaaaaaaaa cant wait,0,2,0.98438185
raining tonightbut hot uurgghhate global warming safe world xoxo,0,2,0.50878584
ur welcome,0,2,0.79916435
oh dear left side face maybe sitting sun wast good idea,0,1,0.22932506
thanks girl plan making day good one somehow,0,2,0.97150415
ate bowl apple jacks im ready go back work yes 31yo still love red green,0,2,0.93472695
think heard,0,1,-0.099125065
votes top ten xx,0,2,0.5531972
gift spread joy,0,2,0.91340363
hey doll give tix dallas show tonightshe would really appreciate,0,2,0.930849
making ice cream dros,0,1,0.14959624
today road lot dont really mind though,0,1,0.15133929
wahooo iceland turned wif frozen food delivery well impressed wif em xx,0,2,0.93267167
yeah ones gon na get anything done today,0,1,0.03631579
yay free food even yay fact managers bought,0,2,0.70784205
wow nu stiam ca citesti amdoar18aniro,0,1,-0.101327896
amazing nite im really tired showd 2 wurk late well worth,4,2,0.6543229
fiona alanis imogen regina check new recommendations great know im favoriteing thanks,0,2,0.96748155
good summer tune bring,0,2,0.9313432
heyy get invite,0,1,0.08084719
good morning twitterverse happy followfriday,0,2,0.96898854
may 30 2009 102am,0,1,0.00013747811
welcome thank,0,2,0.9162051
moving bed,0,1,0.044339046
1 300 updates,0,1,0.042640228
keep kids sterile room online classes solve lot problems,0,1,-0.044186607
ughh im jealous bring,0,0,-0.94677234
movie seems like would hilarious wan na see,0,2,0.8414455
np ran issues mounting dfs shares,0,0,-0.5089632
finally im hometime playing sims 3,0,2,0.6507291
10728 briannes us one fun friday fact according,0,2,0.81625855
thanks guys,0,2,0.7203928
forgive babelfish 2 votes,2,1,-0.30974862
say 25 times,0,1,-0.0056582093
made day yes,0,2,0.8851605
time summer time,0,1,0.29285657
thanks green tea w blueberry one personal faves ppl mention pomegranate diff ppl diff tastes,0,2,0.57849485
5 days musical im gon na dance wow wow wow gon na something like high school musical ihihih xoxo petia,0,2,0.75259745
real plans involve cutting grass plans sis come week 2 rainbow paradefun,0,1,0.34739345
hard mike seen strange place first,0,1,-0.1088622
watching movie whilst eating dinner celebrating good marks enjoy spending extra time children,0,2,0.9590801
cute little sisters adorable,0,2,0.9733154
least shes nice looking better martha id liked see sally sparrow tho,0,2,0.74272865
well done,0,2,0.7566938
perhaps tonguetwisting title sure make people wonder eh,0,1,-0.09059977
turns visited coworker got 2for1 deal local bakery thing,0,1,0.47219157
followin u,0,1,0.09965916
decided try something different lavender toe nail polish 1st look different 2nd hmm bad 3rd good choice lory,0,1,0.020949572
whew almost changed perception put back pedestal,0,1,-0.03472446
nothing paradise gtgt,0,1,0.04470057
thanks girl think im finally understanding ff ive confused time,0,2,0.56475043
long beach,0,1,0.16447672
sent tweet follow great lady,0,2,0.90505725
follow fridayed bc youre cool obligation return wouldnt stop,0,2,0.9194945
im ready work design whenever,0,1,0.23633543
love summer state mind yw rb via quotsummer day mixwith thanksampxx tha,0,2,0.9340711
washing car accomplished yayy,0,2,0.82875586
rude simon cowellquotyour gon na winquotvote good evans porve simon wrong,4,0,-0.5481883
drinking iced capuccino friends hot afternoon oh need dress tomorrow shopping saturday,0,1,0.34073132
nj night,0,1,0.036484197
yea babii luv u long time,0,2,0.9541127
already chi,0,1,-0.05003883
hope nails next time,0,1,0.07331892
thanks took morning,0,2,0.8477667
bout go bmore schools almost time start actin reckless,0,0,-0.47456318
nice talking alex thanks,0,2,0.9348356
good talks,9,2,0.8500764
like one,0,1,0.07309353
youre awesome hayley paramore rocks love colombia,0,2,0.98975873
thank fun wherever go,0,2,0.89363295
deaduhmmthats pretty much established already,0,1,-0.076800585
getting new car monday yay,0,2,0.89358133
vh1 20 greatest electro 80s atm love,0,2,0.8430902
know think youre right great see calvin mtb,0,2,0.91646856
doh always assume rain arent talking cali,0,0,-0.50201017
home full heart sunburned head good,0,2,0.7646196
ill try next time,0,1,0.27841574
hope try one soon,0,2,0.51689315
oh btw hai mah laptopz youll see tuesday,0,1,0.05619648
tryouts doneyah eating mexican bf gon na watch lakers playits weekend yah,0,1,-0.055502575
asked go around pole next clear heels,0,1,0.0027307048
day amazing,0,2,0.9346205
favorite song new cd paranoid hey baby bout cds video girl bb good shelf tonight,0,2,0.94390666
coming around 730pm cst photos crookston mn high school graduation ceremony know youll wait,0,1,0.06235519
make living nothing,0,1,-0.3956069
hows everyone today,0,1,0.006016493
yeeeeaaaaahhhhh baby enjoying cold one bbqing ribs life grand,0,2,0.9760499
blue one,0,1,0.10803822
love awesomest devine delight life hows memory,3,2,0.965778
good god man hands ok,0,2,0.80513
whatcha doin tomorrow sure fine,0,1,0.43366906
yes im drinking tea wellmy fave darjeelingbut hot herecool shadewarming,0,2,0.9342905
hangin ledd nd court,0,1,-0.023368068
go see,0,1,0.10079433
love lt3,0,2,0.88782096
come nyc plz thank lt3 lt3 lt3 lt3,0,2,0.68592924
time next week ill packing ready water park woooo hope backs cleared fully probs wont,0,1,0.41272599
maybe obama town day,0,1,0.033168808
make laugh,0,2,0.71855915
well jus got da shower wastin time work glad gas,0,1,-0.29364073
glad im staying home waiting desk delivery may may come,0,2,0.54116994
thank sweety x baba maal good interesting pink dress top 5 favourite female singer regina spector u like,0,2,0.9647061
door mat went came home earlier sec deli luca gone thats strange,0,1,-0.25681013
shes tiny blonde hitler twatting cow bag,3,0,-0.7649655
twitting first timeahhh still desk friday need booze funl come,0,1,0.48781696
homie bestie tweeple 4real music tweeps,0,1,0.30978143
terminator tell fantastic,0,1,0.3103084
whatching camp rock,0,1,-0.028423272
thanks mention,0,1,0.346062
sure im following enjoy night,0,2,0.937789
gon na write questions ill make answer video tomorrow last minute ones,0,1,0.051863343
happy note im heading bed torecharge chi tomorrow goodnightweeps,0,2,0.9118845
thanks girl hard feminist male dominated world,0,1,-0.190741
walmart hair dye ice cream,0,1,0.05827722
dude relationship havent got special someone either figure want theyll find,1,1,-0.3684009
going blow away reunion,0,2,0.5709179
princeton kinda hot looking forward good weekend,0,2,0.9770193
camping w family weekend,0,1,0.2436766
waiter knew absoloute fav dessert beyond brought,0,1,0.0023578703
love g1easier use twitter,0,2,0.81974894
omg realized much luv summer,0,2,0.9634274
powers back really didnt cut power line shovel,0,1,-0.30700165
quickie obviously,0,1,-0.09671648
forgot relaxing watching ducks classic grandma tries get away geese,8,1,0.12503189
lakers best team west conference,0,2,0.87521046
thinking much love bff lulyugly xooo,0,2,0.9724055
cat thats sweet,0,2,0.9376663
little expensive fridge empty food decent,0,1,-0.08738516
wtf weather weird full raining second ago sunnygahh best week planned,0,2,0.4752903
happened week time amble phoenix,0,1,0.027769737
youre welcome,0,2,0.9302879
despite random lack energy really happy right,0,2,0.77503026
really would,0,1,0.19146647
amazing couple always make laugh reading twitter convos toabout xoxo,0,2,0.97520167
g baby daddy stuff gosh love ray super kewl audio blog,0,2,0.9815017
fia cant kill,0,0,-0.49678034
dont mean hurt,0,1,-0.448165
ty ff love twomie,0,2,0.92117083
mmmm think first beer six months worth waiting,0,1,0.14118856
whoohooo love eminem playlist sunday,0,2,0.989366
john mayer course,0,1,0.050171163
boston june cant wait whole week,0,2,0.93422616
made squash soup,0,1,0.122705214
lmao well need day disclaimers,0,1,-0.27588877
wanted let know didnt forget youve got email,0,1,0.033372298
spokane almost mall,0,1,-0.019328967
polishing nails ladies night,0,1,0.095886216
yeah gym season 1 2 3,0,1,0.0889835
might want look getting something like next time around,0,1,0.2682159
watching best friends girl,0,1,0.24406868
thanks hopefully well get chance bring soon,0,2,0.9275385
woooot paranoid disney 5 seconds ago,0,2,0.50495166
heres picture ray look really bad lmao,0,0,-0.8664878
mamas day deserve,0,2,0.49729058
good night everybody,0,2,0.6854756
hahaha idk yay gon na roomiess,0,1,0.055405498
manderzz damn love ice cream make laugh,0,2,0.9634691
paranoid jonas brothers love song,0,1,0.22042507
going sleep light outside know time zzzz night twitter fam nice weekend,0,2,0.8757507
playing mark makeup jammin taylor swift,0,1,0.092960484
lakers got hahaah love,0,2,0.7250509
little left,3,1,-0.016478702
mom tay love banana labby tappy oh bajaaaaa,0,2,0.7692778
thats awesooooooooomeeeee knwo true,0,2,0.9609058
got end game nice win lakers love,0,2,0.974546
set phone tell texting ringtones go goes quotmessage tweeterquot get text,0,1,-0.032123584
well thanks,0,2,0.64487803
shore morning,5,1,0.33992487
purchased macbook get free personalized itouch sweet,0,2,0.95692027
hopin text,0,1,0.020723477
tom thumb think saw drunk ass buying beer,0,0,-0.78117096
caught glimpse dish style check,0,1,-0.03263373
ahk cool agree,0,2,0.9045606
oops fell asleep 4 hours making pasta,0,1,-0.06642626
bought cant wait till gets,0,2,0.8636905
lt3 majk loveee,0,2,0.89642185
quotyour best girlquot sometimes talk like born 50s kisses cheek thanks date,0,2,0.66838974
happy bff gujab lakers,0,2,0.8329219
ga ever play trick,2,1,-0.2696905
finally got view film two thumbs way quotupquot via,1,2,0.58315367
three minutes 1000pm hahaha random,0,1,0.13175496
nick please,0,1,0.088029295
guys best friends guy ever never met online,0,1,0.34627
cant convince confuse,0,0,-0.5133736
glad made home okay,0,2,0.837661
rpm boyfriend homies heading drive ins 11,0,1,-0.072699174
ness goes sd 123 come pick think remember get house still,0,1,0.0031553507
reading playlist yesterday feeling ill listening quite time,0,0,-0.5254099
destins shelbie makes smile see,4,2,0.8961852
123 thats ridiculous yay us wee smart p,0,1,-0.12714028
till mondayy,0,1,0.067703806
2 shots goose good go,0,2,0.69873464
im listening radio disney hilaryduffs song,0,1,0.0828888
see fakes easy,0,0,-0.78211397
thanks much might already shipped,0,1,0.06738877
baking cake baby sleeps tomorrow going awesomesauce,0,2,0.7398094
wan na sleep late tomarrow thank goodness saturday mornings,0,2,0.8889763
gaa 1am already least friday,0,1,0.06702742
fave drummer remix fave rapper 3am die happy,0,2,0.8943485
love hoops yoyo,0,2,0.870626
thinking inspiration wassup,0,1,0.1315251
hey lukas pleasure speaking phone bro thank open loving soul lukas,0,2,0.97500664
happy birthday paula good one,0,2,0.98742265
went see quotupquoti touchedthe movie surprisingit beautiful messageamp extremely funny 2very specialworthy,0,2,0.9777465
sweet works couldnt view back,0,0,-0.5478794
got home sleep time,0,1,0.06995382
cant go sleep hyper,0,0,-0.8228277
still packing waiting clothes dry bed beach,0,1,-0.011506878
twitter phone,0,1,0.01755476
good home,0,2,0.8266159
winstons sat night quotim hustler babequot thank miles,0,1,0.3872472
insist im almost 160,0,1,-0.04509242
im glad hear guys great show youre amazing love,0,2,0.98894775
well knew 2nd one im kool like really yeah,0,1,0.18454432
ok holywars twitter,0,1,-0.044157915
um youre nice hahah xoxo lori,0,2,0.9722363
luck weekend construction,0,1,-0.04873486
listening indiana party song sticks stones techo prefect music selection,0,1,0.42411327
drinking cuppa,0,1,0.17434824
yet netflix list cant wait see though,0,2,0.93056417
thanks following,0,2,0.72531646
hope super saturday x,0,2,0.9216872
twitting modemood today yay,0,2,0.8783916
totally awesome,0,2,0.9385959
aw quite sunny,0,2,0.7601151
thoroughly enjoyed movie made day,0,2,0.9797439
morning today indeed beautiful day beautiful dont even know yet,0,2,0.98454547
im glad back twitter,0,2,0.96505314
excited senior appreciation day ribs,0,2,0.98850596
bed birds wakeup since lastgreat night older cousin husband friends,0,2,0.6272742
looking forward evry song love love xoxox sophie please please reply,0,2,0.97866416
home alone shaweeeeeeeet,0,1,-0.06166867
finaly saturday,0,1,0.0656603
mm cake yummy,0,2,0.9389274
dont think,0,1,-0.19156457
hahaha like hat,0,1,0.102066904
lmao gotchu bout watchin bout time luv,0,1,0.32853222
last night made well happy drinking meadows sunshine,0,2,0.98325473
gerade twitter mit facebook verbunden,0,1,-0.05853352
beach anywaynothing news nowhave nice day see soon,0,2,0.9355386
loverly day im going sun bathe,0,2,0.72202003
yt made happy guys amazing love thank oh goodmorning may day good mine,0,2,0.9883451
follow like,0,1,0.15581605
got home hanging tyler guys nyc tired helllllll,0,1,-0.1570692
love beautiful song great day sunshine,0,2,0.98889494
good night twitterlers im dreamland positive outlook finish schoolwork sunday night,0,2,0.93300974
morning really hot sunny day today shall prob relaxing day sun xx,0,2,0.95388365
ohh 5 til get 100,0,1,0.1603617
almost quitting time tim hortons breakfast sounds good morning twitter,0,2,0.961294
night little twitterbirdsxoxo fun thanks laughs talk2ya later muah,0,2,0.94857097
slept 4 hours going back bed,0,1,-0.02146227
got new ipod touch,0,2,0.7176356
good morning xx,0,2,0.8431921
need tea basking sun peasholm park north bay wall really exhausting scarborough glorious today,0,2,0.62675226
cant wait see winning youll tweet right please love youuu lt33,0,2,0.9807834
im thinking song movie,0,1,0.07789029
christines graduation,0,1,0.111091346
mission statement something like psykoidcom,0,1,-0.060296603
trust itll work everyone elsejust,0,2,0.679672
glad see alright careful man,0,2,0.7525449
morals remember,0,0,-0.6267579
press 1 log phone aol theyve locked,0,1,-0.2334818
super day,0,2,0.89572734
fixed specs,0,1,-0.07898249
awww poor thinglol oh okay hopefully u dont give virushahaha ummmits 356am yup yup usa bby,0,1,-0.021498337
raze wish demi would see,0,1,0.030414972
take plenty bottled water,0,1,0.28884012
early get ready sons medieval fair think costume disaster fun brownies look good,0,2,0.9340605
looking houseboats trade 911 turbo new bentley continental gt ltsighgt ah life copywriter,0,1,0.01416298
coffee cafe aftererrr 4months feel normal,0,2,0.69848186
im watching tomorrow,0,1,0.1092131
thanx dude bit long shot r u gon na come see lads edinburgh free comedy shows pinky,0,1,0.072391644
coolio im popping spot shopping catch,0,1,0.35452256
feel crap last night nice day outside,0,0,-0.44090292
playing basket couisns,0,1,-0.015612237
dinner soon trying finish june holidays eng hw lvl mt monday,7,1,0.06668782
mission statement something like psykoidcom mission statement however going tal,0,1,-0.016372025
everyone yay saturday,0,2,0.89033705
officially weekend let begin back metaplace bit nudge,2,1,0.14206469
totally agree party placed,0,2,0.47970518
lets week well draw make something send,0,1,0.37088692
cant believe hot lush thinking lovely tea cold drink outside later yeay,0,2,0.8187943
asian guy take lead looks like george nozuka,0,1,0.124818586
oh beautiful dayyyyy,0,2,0.98308456
loves color morning,0,2,0.93781537
headed bama day road trip holla,0,1,0.09394751
like many baby genes feed us much sleep,0,1,0.14506587
love airports coffee,0,2,0.91339207
good deal safe flight take care,0,2,0.9513936
cycled pub along canal chilli jacket lovely view waterfront,0,2,0.90876716
good morning safe blessed day,0,2,0.9737789
soaking sun xxx,0,2,0.6040359
susan boyle wins like grrrr annoyed p okay doesnt much talent dancers xx,0,1,-0.32045197
could resist packet 7d dried mangoes hello yellow fellow,0,1,0.115496695
ohh thank much wonder watch next week,0,2,0.9107966
getting ready work hopefully beach,0,1,0.43957835
sat sun stuff garden nice,0,2,0.9447304
souris ikari laser reue,0,1,-0.06305351
im watching right love,0,2,0.52345794
good morning,0,2,0.76207113
victoria country park sun,0,1,0.15332077
im happy dommie thanks attention im happy jason know im care,0,2,0.98121804
mulching yard wih dime piece wendys party game six laterrrr,0,1,0.0820619
great day shoot wedding new d700,4,2,0.93920004
got 11 hours sleep feel quite energized,0,2,0.8819941
helping run fundraiser relay life today,0,1,0.23713939
watched motogp qualifyingsimply gripping great results looking forward races tomorrow,0,2,0.9382701
love dont think ever met anyone kind well done getting 1000 followers,0,2,0.5375947
heading yoga class beautiful sunshiny day,6,2,0.9459621
great friends support things love feels good love guys,0,2,0.9872265
good morning tweet tweet woke gon na start getting ready amazing day call beep wan na reach,0,2,0.90146744
eating bulls really nice food,0,2,0.9169324
saturday office,0,1,0.036759473
good turnout think theyll back,2,2,0.89314854
jezabel nice offer,6,2,0.86930126
hey russell see christ yoga rap video,0,1,-0.024901457
problem love display pic,0,2,0.8899289
hopes things work,0,1,0.44750306
graut yah itworks around 7 pm make nachos anyways,0,1,0.079285756
wana eat tacos anyway im eating green peas nuts crunchcrunch,0,1,0.102929875
playing grandsjust instant grits get everywhere much fun love hope everyone well smile,0,2,0.97965676
maybe stop falling asleep day would able fall asleep night,0,1,-0.044626817
going work hungover awesome good thing coffee swiss rolls,0,2,0.9054391
fun im cleaning waiting gabe,0,1,0.23629859
thx god,0,2,0.41911298
fun kashmir,0,1,-0.16317007
looked katty perrys sushi nail funny,0,2,0.48790672
dont know im really involved end things hear anything post,0,1,-0.28332418
thanks guys,0,2,0.7203928
im likeurmmmm,0,1,0.308477
ill let know gets picked,0,1,0.029055238
sitting fun grandma,0,2,0.82091475
listening gregory hawk repeat,0,1,0.05843848
gator joes heather movies tonight,0,1,0.13830689
im eating,0,1,0.03947407
aw thank,0,2,0.5249358
1st day marathon training done good run nice actually real people run,0,2,0.92832947
dont tan,0,1,-0.24371734
good morning everyone heart happy smiling morning hope,0,2,0.98518795
passed pickle aisleyup thought,0,1,-0.05159529
started today,0,1,0.059778623
yawn good morning twitters,0,2,0.78705704
use real xmpp service,0,1,0.06010957
oooh pictures please,0,1,0.24609418
thanks 23 days,0,1,0.034861058
anita hi hugs,0,2,0.52314705
ah love songg,0,2,0.81763667
thi ng chc c nh ng ngon,0,1,-0.024890162
nico still irritating hehe got ta keep calm smooth,0,1,-0.40698272
im good,0,2,0.84337515
ltmake sure u tune watch dun dun show shes fckin movie,0,0,-0.7775278
yarn arrived vivian colour expected still lovely dark dusky pinkpale wine,0,2,0.94714314
posted back,0,1,0.20268108
bless alot people think 4 votes god sake shes 10 ehm diverst flawless aidan hope susan dusnt win x,0,1,-0.07406996
weekend think exercize later,0,1,0.060879827
yes cyby u,0,1,0.26670521
youre wit double bring sum grub n grill aint bugger,0,1,0.10492964
officially made profit yesterday whole 115,0,2,0.5567333
thankyou made day,0,2,0.9725082
new video,0,1,0.16374648
polished bottle already,0,1,-0.0067757815
mm mm mm fresh clean top head toes im way corney barrows reach sound check xx,0,1,0.26400498
thank darling,0,2,0.7252297
oh 7am thats heading mah way 15hrs oh god coffee tea crisps n rice fed makes u skinny 2 huh,2,1,0.024360374
goal program prepare students jobs dont yet exist jaime,0,1,-0.24959235
ive even watched episode clips,0,1,-0.15391807
thats pretty cool,0,2,0.9812845
harvest day,0,1,0.009164199
ive good day,0,2,0.96486
tell youre thespian background ruthless lot,0,1,-0.09482014
come share pop corn,0,1,0.22140746
brothers love u next tour please come venezuela,0,2,0.9188503
save please,0,1,0.15070611
wooo ninjas rock,0,2,0.8907184
watching bgt irish dancing flooding back may even attempt wee jig living room,0,1,0.32677752
pink lemonade win,0,2,0.76150674
work today tomorrow call 3,0,1,0.021250539
eatin family,0,1,-0.18080528
hahahahathat wasnt mean,0,1,0.20842746
eating yogurt mixed mangoes yumm jesus life da best ps shia labeouf hottie soz chris brown,0,2,0.8981376
cleaning ugh sombrero thats excitment right,0,2,0.6595364
diversity oooh yes xxx,0,2,0.7989091
hopefully work buddies test released,0,2,0.8067066
trying make friends twitter,0,1,0.20378065
eat chocolate talk friends,0,1,0.12576476
love go pass unlimited caltrain free,0,2,0.8407609
join dunno added,0,1,-0.19262114
absolutely agree love acts,0,2,0.8636163
lolz need get money none atm get go monday,3,1,0.022752918
mall outside something idk whatever happens happens,0,1,-0.21606381
sunburnt fuck,0,0,-0.9405258
would easy way,0,1,0.40681028
smart phone maybe ill tweet often,0,1,0.44886366
hahahaha yea remember,0,1,0.19581273
standing rain,0,1,-0.031601124
still need find code get outdoor pool finally done heading store get sandwich stuff 4 lunch,1,1,0.056622848
didnt get home though nearly midnight went straight bed,0,1,-0.34819114
denius belong telmo remix,0,1,0.011960737
going kennys house twinnielt3 win,0,1,0.35372227
love baby seals,0,2,0.90216464
talking rain talking torrents,0,1,-0.13193181
listening repeattt,0,1,0.24394119
im singing,0,1,0.1884369
like new avatar,0,1,0.1347347
watching harry potter movies nephew patricki think watched twice,0,1,0.3905915
hate sleeping thank god leaving soon seattle come,0,2,0.28178927
talnet show tonight church sure fundraiser,4,1,0.2898055
sister fl,0,1,0.015233949
goood oo good youand yea original song ill tell wins wins,0,2,0.9477858
way v see fam bamtryna stay busydoin good 2day,0,2,0.9011724
sitting home,0,1,0.007996753
muhaha du hast echt pech,0,1,0.049894206
long time coming horses raced 2 years coming peak hopefully win races,0,2,0.83404946
hows everything going,0,1,-0.019269198
awesomewhat tell,0,1,-0.07544576
cant wait wednesday thursday,0,2,0.9071686
sound good big bro save everything thats pork beef,0,2,0.5225952
get msn fathead,0,0,-0.8378206
right really wish ice cream right,0,1,0.22484295
happy hear well complain life good got health roof head,0,2,0.9074652
drinking tea watching tv,0,1,0.08425389
another crush think shes cutie,0,2,0.84950435
dang feel meeting ferrell coolll,0,1,0.044514924
like way look glasses,0,1,0.09415875
good thank thank oh wan na hear send ok aiight,0,2,0.9486645
ione sky never anthing must boy thing wonder today,1,1,0.17099468
havent watch da vinci coe xd lautghting film actually wasnt things laugh,0,0,-0.5462182
ooooo yay new makeups love cute lil bag,0,2,0.9893983
seems shake shack around time,0,1,0.0010116026
random follower tweets cool,0,2,0.78275937
bummer well yeah chatting whenever get home,0,1,0.18880826
hope youre good saturday jeff,0,2,0.91286004
met neighbor cindy told small rhubarb garden ready pick strawberryrhubarb pieoh yah yum,0,2,0.79415625
moreeeeee training,0,1,0.23117134
got done eating whole chickkeeennn,0,1,-0.42155272
wyoming way tc finally agreed think naming one kids,0,1,0.2785424
omg works finally,0,2,0.8645617
give grad workbut love google think next,3,2,0.7328042
comfort food always bad health avocado bacon cheeseburger anyway help concentration,0,0,-0.5333037
reading never eat alone,0,1,-0.28822526
porbably bb,0,1,0.020078242
since april 19th go back 27june yup,0,1,0.0800597
ahhh know going good day arent nursing hangover,0,1,0.34576774
guess whoooo ahahaha,0,1,0.44703293
sure dad sister,0,1,0.08148343
omfg phone crashed fml seriously,0,0,-0.96651953
aww thats horrible oo day school exam got ta study wish good luck,0,0,-0.72514206
sadly may right,0,0,-0.4315722
boooooooored 5 mins,0,1,-0.28936157
yea dont think,0,1,-0.20079929
shilo cripes bar grill ligonier start nine come,0,1,0.030102778
spent day bed passed back pain meds feeling bit better tonight wellrested anyway,0,2,0.86220074
u gon na watch,0,1,0.021472543
thats spirit,0,1,0.12616251
new bluetooth headset came via fedex today yay go jawbone,0,2,0.93785924
judy working brandon hahahahaha,0,1,0.24409345
noppee get,0,1,-0.12975591
wonder brother also dimples,0,1,0.027365316
r fun weve spent day outside bribed ice cream clean bedroom,0,2,0.9105212
ive still got jornada start museum,0,1,0.12778892
hi soren,0,1,-0.07153286
aww cute,0,2,0.9180979
wow faints,0,0,-0.8451386
ohhhh forgot im sowwy boo love,0,2,0.89584506
mm mushroom lasagna reminds taos new mexico good memories,0,2,0.72334397
fell asleep sun today red n white side nice weather tomorrow fix multicolourness,0,2,0.89027107
gon na stop later right,0,1,-0.056456372
yeaaahhh diversity britains got talent amazing 2nite xxx,2,2,0.9802186
new album drops soonyou better getting excited,2,2,0.9716805
would say cant stop eating reginas amazing,0,2,0.84891766
converge without notice might find manboob luggage get home,0,1,-0.2030638
awww sorry angel maybe happen next year,0,0,-0.43098432
china children poor rural area happy smily face lianbo oo,0,2,0.7038272
drove past house todaysold sign officially 12 days settlement 26 move cant wait,0,2,0.88472134
ariels grandmas house beautiful love grad parties cuz fooood theres guacamole yeahh,0,2,0.9858201
aww dont hurt wow done already love yellow rice send pic dish,0,2,0.925895
3 hours chillin wit bestester idk im im even blown away lmao jk,0,2,0.7508388
happy birthday,0,2,0.97575384
glad know survived jojo got bit pissed eh,8,1,-0.15379122
got mail today,0,1,-0.07479442
tweet deck ela n aparece gtgt,0,1,-0.01988189
hey ddub,0,1,0.032473788
kickass beaches venezuela cmon fletcher much fans,0,0,-0.71009135
im sick tired twitter many outages love twitter like love hate relationship,0,0,-0.8620466
dinner cheesecake factory yummy def treating brownie sundae,0,2,0.9658245
head muvico,0,1,-0.102146596
sexy costumes sexy lingerie sexy leather much selling church fits drive wild,0,2,0.47909027
maneater hysterical,0,0,-0.44799948
movie sure feels like,0,1,0.19644102
got denali,0,1,-0.022735283
watching movies night whoaaaaaa,0,1,0.14811522
best part magfestty evan sulli monkey get lame taco casa beth diet coke,0,2,0.45676076
hey pants fit sisters hope werent ugly,0,1,0.34740114
im wittle hungry gon na good snack protein shake,0,2,0.6079613
thats cause sexy self hot facebook contain,0,2,0.54808706
theyre airing last 3 episodes,0,1,0.037524812
played rock band getting getting ready go lake girlsssssssss,0,2,0.5074879
muahaha win need go montral official poutine hmm poutine,0,2,0.5050395
trampoline bj,0,1,0.03958205
magic magic whooohhaa howard youre man,8,1,0.25787526
club time name adamadam rowlands nice meet,0,2,0.8489773
hanging girlies missed,0,1,-0.19631255
watching nanny,0,1,-0.16714217
1000 islands conservancy zone part saturday,0,1,0.025662728
duloc perfect place please stay grass shine shoes wipe yourface duloc duloc duloc perfect place,0,2,0.9089822
aj colby wkyctv cleveland heir tom skilling ps dear cavs piss still love fun ny lebron,0,2,0.8021504
hungry watching tv mommy room,0,1,-0.30778134
lt3 memory foam,0,1,0.08360961
george baker selection little green bag hey,0,1,0.11361553
cobblestones along giro course todayif rain could make falls hope wife enjoying today,6,2,0.72255343
ooh show,0,1,-0.0026993454
searching someone cares,0,1,0.09630902
awww lakers magic yayyyy dwight,0,2,0.8908038
might like wall decals nursery wait paint fully dry,0,1,0.01812774
ones greatest capacity good ones greatest capacity evil,0,1,0.08983517
way karaoke fun hope good night xoxo,0,2,0.96907574
started using itunes thanks wate james,0,2,0.77167916
ahh almost halfnaked badass look nice,0,2,0.9204655
got home work super long day finished couple martinis drinking wine,0,2,0.47731376
ever really loved woman good one,0,2,0.9162749
longg ass night gon na stay home watch movies 2nite,0,1,-0.24279886
bet youre wrong,0,0,-0.5541745
feet back starting hurt wish could walk around track sleepi ng bed,0,0,-0.70406425
go together,0,2,0.54717386
life style dumb quottwilight heartthrob robert pattinson cozies blonde cannes crush kristen stewart thinkquot,0,1,-0.34597278
great day family im going sleep kel,0,2,0.93870175
go ahead,0,1,0.28783998
finished hookah austin brittney kaitlyn watching american pie boy,0,1,0.10118461
thanks love elvis,0,2,0.9562341
particular film,0,1,-0.00033146143
dont jealous nothing special coffee cheap blended,0,1,0.2328444
got beer goggles ready go,0,1,0.3609102
bobby ritz miu miu butter,0,1,0.026285514
hi gino hope u havva good day today,0,2,0.9728176
still watching,0,1,0.25596845
got phone babylooovelt3,0,1,0.35001206
wish u talkin bout,0,1,-0.0403713
saw playradioplay scottie one greatest nights ever love sweets oh casey denicore likes boys,0,2,0.94482636
alchi im absolute rite yay alcoholics woo hoo rio gmb,0,2,0.8577666
definitely new favorite showthank telling watch,0,2,0.98287266
blue one love next time,0,1,0.36818582
finally road txt wake,0,1,0.27205202
ahhhhh remember poem love,0,2,0.7383117
one day im done 7 day work week run may finally get sleep,0,2,0.49427637
lord wouldnt put situation couldnt handle,0,0,-0.8118037
bed matt laptop,0,1,-0.031791642
drinking iced coffee eating fries w big mad sauce,0,1,-0.07702571
im happy got 05ccs liquid gold pumped tonight itll keep flowing hopefully helping get strong,0,2,0.97807145
im plenty fun tonight buddy,0,2,0.9467978
zooyork never mind,0,1,-0.24402857
wouldnt bothering us yeah dont forget give us call,0,1,0.19758601
never turn hot fudge sundae even 1230am heistheebest,0,1,0.039584816
turned twitter back way san antonio riverwalk tonight fiesta texas tomorrow competit,0,1,0.082412936
coolio thank,0,2,0.78037226
hooked restaurant city wish could one reaalllls nyahahaha,0,1,0.33321345
see l8tr,0,1,-0.07004972
love ringing earstwas good night,0,2,0.97963494
one world,0,1,-0.03939782
yay thanks sharing feeling better last night,0,2,0.98147345
set last day clothes showits sure great one,0,2,0.93177444
ill make something ill make card design something,3,1,0.115346566
dropped way past cuppa,0,1,-0.12712839
nice picture hubby,0,2,0.94869053
laying sun waiting,0,1,0.22841293
last one today beautiful person,0,2,0.8855038
got sixs new song,2,1,0.23444828
morning twits happy sunday yall sunny durham,0,2,0.9670386
thought would like email,0,1,0.27139682
hahaha bb k ill go get phone,0,1,0.28936523
updating twitter status told going behave accordingly site,0,1,0.013148259
beautiful dayalmost,0,2,0.9810773
rebecca ignored making desert,0,0,-0.4874552
loving weather morning might go find field take photos,0,2,0.86624515
night roxxxberry loves,0,2,0.83138233
great day,0,2,0.9665673
night take easyyyyy,0,2,0.7740946
fuck yeah lakers way baby,0,0,-0.3850252
unload van go stock tomorrow innishannon thankfully rain weekend,0,1,0.18965459
2 weeks time sat outside coffee garden woooo exciting probaby rain forever,0,2,0.96941257
another lovely day essex looking forward sun,0,2,0.98506355
109 left funny limitation,0,1,0.013666928
phone kaihlaniii,0,1,0.046376087
oooh going shopping x,0,2,0.4949209
listening jack johnson aaah sometimes rainy days feel relaxing,0,2,0.94277495
drank first time 4 months wasnt quite bad remembered going ikea get sweedish furnature eat hotdogs,0,2,0.61295754
wow west coast hey morning person dont mind much,0,2,0.651285
girls wonderful weather netherlands change,0,2,0.8923064
bgt great last night diversity,0,2,0.958532
true need love sometimes think getting love right person x,0,2,0.53045195
english breakfast sun keep remind im holiday breakfast beach,0,1,0.3053293
watched hannah montana,0,1,0.060589913
getting ready day full sunshine fun,0,2,0.94253695
happy pentecost day may power presence holy spirit bless richly today every day jesus name,3,2,0.97989786
kings sight nottingham tonight gon na much fun,0,2,0.90821844
yey weather finally taken turn bettter sun last 4 days damn thats probly jinxed,4,0,-0.42693576
yes indeed,0,2,0.7110511
got get,0,1,-0.011504039
algebra easy lucy,0,1,0.2849017
trying get itunes receipt listening tinpan orange,0,1,0.10221534
depends well pull,0,1,-0.031224377
lt3s daniel merriweathers new album specifically water flamehis song adele,0,1,0.12794152
anyone want blog want linked looking fill blogroll new look,0,1,0.21366736
hi bethy,2,1,0.06700723
definitely need 7up 1ups fruit rollups,0,1,0.23745733
day went 3 locations hillsong church love kidmin ever time rest,0,2,0.7846378
awww thanks added xx,0,2,0.88764125
sketchy things love life,0,2,0.9270373
welll ie got people go town let know gna come dddd,7,1,0.026422206
morning hope got nice coffee go croissants,0,2,0.95665747
wow beth went myspace listened tracks u recorded theyre really good,0,2,0.9813712
im gon na go sun bit meal,0,1,0.11048861
hes cute,0,2,0.9252692
wow whats partnership,0,1,0.32654557
poo time move perhaps back melbourne,0,1,0.07491032
hello misha long time,0,1,0.34752938
woke missed tweetee,0,1,-0.0030703545
heya im fine thanks wuu2 today xxx,0,2,0.9343692
need comments next part trouble im gon na post second part youi comment yall,0,1,-0.045852154
happy birthday lt3,0,2,0.9776341
fine inapropriate dont care,0,0,-0.6823538
playing shit loads tf2,0,0,-0.8325673
ok im going,0,1,0.25888643
good morning slept nice n woke peaceful n painless 4,0,2,0.96347874
james house,0,1,0.042448007
might sound little cheesy truth im definitely gon na see movie cuz wan na experience,0,2,0.5359626
hey whats got nap dinner,0,1,0.06601156
entroncamento know whos comming blasted mechanism rita guerra joao pedro pais8d u ok,0,1,-0.036766138
hey romy french oo,0,1,-0.02713281
thanks like swing,0,1,0.16377783
hello beautiful dont forget untouched itunes,0,2,0.9364237
enjoy beautiful day ricki sunny,0,2,0.9841461
time lunch,0,1,0.11957815
quotit made high joy around quot,0,2,0.91165394
happy note weddings awesome im gon na make sure wedding open bar,0,2,0.971078
thats absolutely amazingyoure dark horsea lady many talentsexcellent,0,2,0.98525107
morning hun wow ur awake early xxx,0,2,0.93591946
back slept like rock yay going sisters bday party today going double yay,0,2,0.87194043
new glasses,0,1,0.11015815
thank much lovely catch,0,2,0.9549324
comeon didnt u think little silly parachuted helicopter alot twists turns,1,0,-0.4637765
19 days till aaahhhhhhso excitedddd,0,2,0.9873159
sushi tei mum grace charles hahaha,0,1,0.3425419
band around battle bands rock contest love,0,2,0.6413504
three cheers harry potter,0,2,0.90656924
secret weapon making fun silly way make smile cheery,0,2,0.920881
monday im going shop shop shop shop till drop thankyou gss,0,2,0.75838554
went food shopping morning going bbq later total clear blue sky pleased,0,2,0.879251
guy called balusc pissed sun forums,0,0,-0.558077
enjoying tall cool glass pineapple mint lime juice virgin mojito katanya,0,2,0.9609368
hahahahaha oms made laugh lot xx,0,2,0.90003306
wheres c bzzzzz bzzzzz bzzzzzz,0,1,-0.008734785
joking know still followed lost,0,1,-0.29361293
go relax sun,0,1,0.34546345
chilling sun joined twitter,0,1,0.19567204
finally bedroom tidy ocd come handy,0,2,0.81118244
im actually sticking diet impress,0,2,0.67003876
1 kaskade 4am adam k soha remix 2 dakota johnny fox 3 mrpit vs aampb shana cant sleep 3 tracks dropped motion,0,1,-0.0905456
thats cool,0,2,0.94480824
jumpin trampoline,0,1,0.042725563
vote 130 times win sure loove youuu keep smiling dont nervous tonight,0,2,0.97254467
hey nic fun indonesia bet youll unforgettable time traffic kinda nuts see 4 days,0,2,0.48071453
cant get weather im loving,6,2,0.7703108
really dnt care cause cavs aint team didnt want orlando win,0,0,-0.5304081
reaallly im chapter 43 dont ruin,0,1,-0.028840855
yay long mines three pages xp,0,2,0.7158168
exhausted much week prom last night fun,0,2,0.78356427
star trek amazing film nandos waiting food,0,2,0.9337033
good thursdayi miss sunday tho,0,2,0.7645806
dont let anything anyone stop accomplishing dreams,0,1,0.12269299
woke afternoon nap feeling miserable read article choosing emotions choosing beliefs chose joy,0,0,-0.78280884
well said,0,1,0.26770133
hanging mama im making funny face cuz mouth full apple,0,1,-0.12692395
yoko miss,0,1,-0.11396101
yeah think thats impossibly good deal,0,2,0.76983565
anything favourite brother,0,2,0.59046865
except us study weather warm sunny studywel thats excuse,0,1,-0.011906669
see twitter background,0,1,-0.031744868
yeah pink love u cat love work meoooooooow,0,2,0.95208967
demi lovatos song back around amazing,0,2,0.9617822
apparently neighbors friends place actually 38thgreenway,2,1,-0.09876011
messed timing missed bea friday distance looked like good traffic,0,1,0.0016677082
bbq went well pineapple perfect kat added lime everything nothing world,0,2,0.90739745
idea yeah love jobros bye must go l,0,2,0.82380944
cause yall might hear snoring cant seem stay awake thanks though besidesill podcast,0,1,-0.1649521
havin good old jiggle groovy music,2,2,0.8376014
wow youre fast enjoy lunch,0,2,0.9804174
im envious web events get attend ny absolutely nothing like halifax,0,1,-0.295862
exactly kiss awesome team edward alllll way,0,2,0.97535723
doggie looks like bailey,0,1,0.08115073
hey thanks seems pity eat sounds fairly nutritious,0,2,0.8374125
emily confused food love,0,1,0.31645614
beautiful day outside listening birds quottwitteringquot sunshine,0,2,0.9731008
well didnt try used biketoday friends new r15 ecr bike skided mud got change side doom slate,4,1,-0.21055007
kids 7 2,0,1,0.034006573
thank u well wishes regards day beach great time got several shades darker,0,2,0.9575048
one donut snack 4 meal wonder north americans pudgy,0,1,0.16142508
going cinema karlijn stephanie 17,0,1,0.05519475
saturday night,0,1,0.10970912
outski dunno im today call,0,1,-0.16185021
come england nap hows pregnancy goin x,0,1,0.09074941
bouncing trampoline,0,1,0.103436545
goin boys boat gon na breakfast leschi,0,1,0.05303818
new shoes thanks lizzie,2,2,0.76494694
yup tickets,0,1,0.16938227
good morning,0,2,0.76207113
loved cover,0,2,0.942304
resting rocking space jam atomic babies udachi us,0,2,0.53194964
thanks da house,0,1,0.041465975
beast yall betta follow b4 yall hear stuff radiou best homie,0,2,0.4917155
going movies gymnastics teamates,0,1,0.04005813
yayy u laughed put pictures myspace dnt u friend,0,1,0.3334842
ummm okay well whatever cant sing well katy perry sings better mayne,0,1,-0.32223284
watching harry potter goblet fire,0,1,0.35293365
sleep today took sleeping pill last night thought deserved one back n forth kitchen today,0,1,0.11677923
ok going get showeri need wake last nights excursions back soon,0,1,0.09652698
new little house silly dont worry youll get sleep love,0,2,0.7546836
eventually got phone working labelled faerx,0,2,0.5709936
youre gon na love,0,1,0.2506334
might want check dolphin hotel pool beach refreshing order lunch poolside,0,1,0.18692504
holla irish flag good luck ladies,0,2,0.808049
great day family,0,2,0.97378045
work yet done till 7 lunch time least,0,1,0.04133512
congrads guys deserve win,0,2,0.861362
happy recording video 22 defo second fave album,0,2,0.86248964
email following u send direct msg get,0,1,0.008022867
phenomenal chorizo chimichanga quotbreakfastquot,0,1,0.09108843
hella hot outside gon na get pool,0,1,0.21632203
24 hours homeowner,0,1,-0.05913332
beautiful day,0,2,0.9813577
drinking age spain 14 fine,0,1,0.3695214
right love xx,0,2,0.80807304
yup imagine things get better,0,2,0.9138224
r u accepting applications,0,1,0.036097933
napped hard slept top keys magoffin,0,1,-0.14399378
beep beep,0,1,0.2332136
omg feels good take damn girdle skinny bitches dont know nothing kind pain lucky,0,2,0.40347758
ecktown city fireworks niice watching dvds good night,0,2,0.8497463
dm meee pleaseee,0,1,0.41471198
bat nightdress,0,1,0.06332399
poor thing use bronzer still look great,0,2,0.7330535
l great time rowing avon bath learnt row cooking dinner watch house feel knackered,0,2,0.94154555
watched movie quotaustraliaquot agoits good movienicole wicked good,0,2,0.9482023
amandas grandmas birffday party rockin guitar guitar hero guitar,0,1,0.3111172
wow sun almost beatiful lt3,0,2,0.9638174
im gon na check online tmrw,0,1,0.007203378
day im home im studyingsoo fuckin boringbut tomorrow fungo bed good night everyone ttyl x0x0,0,2,0.07236862
kk cuteeeh,0,2,0.8850947
hey superman woooo ill help souljaboytellem live gt,0,2,0.61439234
hi scott im reading book good ill start making affirmations box tomorrow thanks,2,2,0.9291385
doesnt know thinks paramore come newcastle soon,0,1,-0.061634094
said something,0,1,-0.17682627
thanks follow um,0,1,0.4013375
today soon,0,1,0.10188907
bright confident woman kelsey fine,0,2,0.85407835
pleasure great site use lot iphone ringtones,0,2,0.97106224
got work sun today gas good day,0,2,0.9490827
ji im sure enlighten,0,1,0.20580529
aha love sunshine covers everything beautiful golden feeling,0,2,0.98649377
awesome 5 got macbook last year graduation,0,2,0.87303215
oh youve watched 3 already awesome,0,2,0.9670263
fun baby showeri procrastinated long enough time write paper maybe,0,1,0.09948151
0h yeah new moon poster great,0,2,0.973477
hanging whitney drinking margaritas getting ready grill,0,1,0.07975039
see sun peeking already hoping week lot brighter,0,2,0.94731617
heyy vic miss girl,0,1,-0.015750885
u nasty boy lmfao,0,0,-0.6623212
thanks couple wee bits much swapped woody allen reconstructed joan arc ladybird book though,0,1,0.1896537
keep hard work,0,2,0.51331574
ahhhhhhh hopefully mine eventually pop good know,0,2,0.9075892
aches working outoff brothers raph swim doggie swimming pool got,0,1,0.083452016
welcome back hon,0,2,0.8671914
day going good hott outside love summer weather,0,2,0.98534304
got bb bac function,0,1,0.04384982
congrats graduation karl love guys,0,2,0.9848964
well get used love love,0,2,0.7166368
u def hottest wwe superstar,0,2,0.64901423
got homeeeee whaaaatsss goodddd,0,2,0.9699717
talking another friend listen coldplay,3,1,0.17113481
im kinda sleepy might go read sleep,0,1,-0.3441871
done played really well shot 75 going get lunch,0,2,0.9165417
love anna percy ben birnbaum,0,2,0.9302256
sooooo adorable,0,2,0.9651964
awesome sunday evening cider curry nom,0,2,0.9550803
bout make cake paint signs friends car wash yeah choco cake,0,1,0.2293137
im hungry thank goodness almost dinner time got get ready school tomorrow oh waitits summer time,8,2,0.8513058
day fantastic,0,2,0.8962345
fun mtv movie awards,0,1,0.2222154
dusk newport,0,1,0.027331322
im nauseous beautiful today ahhhhh,0,2,0.93825066
queens bday yuss stats cold wtf stupid nz weather gtlt,4,0,-0.86609185
gerald perrrfect,0,2,0.49326777
welcome new followers,0,2,0.8984407
ready see new moon trailer,0,1,0.107750505
allah sarki say quothiquot bee,0,1,-0.141625
4 followers away 200lets make happen peoplety 2 u r following,0,1,0.39079
got back great weekend destin flahh mini vacations amazing,0,2,0.9817217
wooh june1 raining outside tt first day school elem high school,0,1,0.0012152046
rebooting relic hoping see bf going face p loooong wonderful weekend,5,2,0.9389954
take giant step mind,0,1,0.30162457
watching hills finale eating mac n chesse yumnomnom,0,1,0.10725118
going already please dont add noise,0,0,-0.50698715
believed id second,0,1,0.4627616
went 4 hour drive today listening music went hiking watching tv going workout,0,1,0.1976828
restaurant would legit chavelas,0,1,0.05399976
well someone coughmomocough wont homework,0,0,-0.5927085
ill ep artwork tomorrow,0,1,0.038896497
hope great time,0,2,0.9618435
im house miss,0,1,-0.15879726
spent two hours garden got battle scars spent weekend grandy cos nans oz days relaxing,0,2,0.6379789
drinking barqs getting ready eat pizza hanging brian like weekend,0,1,0.14349045
watched fausto really love laugh makes anyone laugh say harry missing,0,2,0.9418546
together well make ithaha love best friend,0,2,0.96976
eating yum,0,2,0.6133437
first concert great memories journey stone love,0,2,0.9489025
twit still,0,1,-0.11127108
naijasdime trying get trending topic,0,1,-0.017729692
thought maybe mr koolaid peed something hand,0,1,-0.21586722
received best text life mat im officially love,6,2,0.97750396
wow fell love sly cooper ratchet well know im buying ps3,8,2,0.9464147
ever gotten tarot reading id love read sometime thanks much work btw best,0,2,0.95329833
like terminator,0,1,-0.15639013
either job title would look nice resume actually take salary wo title,0,2,0.8000409
uhm nothing bothered today,0,1,0.079379804
slr uhmm yeah kinda,0,1,-0.06657001
copy cat ksnm made 300k caravaggio,0,1,0.031221297
closesee reply,0,1,0.015293568
dont think im excited im older,0,0,-0.5148906
ohmydamn new moon clip omfg,0,1,-0.29234827
frenchspincom called movielicious,0,1,-0.019290872
check email,0,1,-0.10198545
home today amazing watu great bed time xd,0,2,0.9778486
minnie morning,0,1,0.28815728
happy tomorrow starting summer school hours tuesday im going enjoy long weekend business,0,2,0.9717357
thank follow,0,2,0.62853193
deleting old boyfriend made much fun someone much better,0,2,0.8763242
bigglesworth relevant good topic teachers hic,0,2,0.7162756
good one chick flick,0,2,0.8755901
guess victory tastes like oily food,0,0,-0.7712275
aww cute nice see cast good mates,0,2,0.9832531
im love inspiredi dont know,0,2,0.51145875
already waiting love take ride,0,2,0.64939654
send back mother,0,1,-0.12729055
hey everyone,0,1,0.18431783
star trek good movie,0,2,0.9520388
well thats case losers enjoy,0,0,-0.46541885
lets spendsoo lets spendd afternoon cold hot air balloon okk im gon na sleep good bye owl cityyerss,0,1,0.4288131
look cute hat got todayi look scary hat cute,0,2,0.76980287
well video preview search results bing awesome go bing,0,2,0.9319482
planned work yard enjoy sun anything planned weekend,0,2,0.76445323
promise wonderful day,0,2,0.96860904
ohhhh okay thanks explaining cant imagine better read,1,2,0.8938797
youre cute,0,2,0.9518728
found last night old friend bike crash broken neck internal bleeding giving nurses hell coz wants fag,0,0,-0.9377677
oh happy monday,0,2,0.9753298
craving starburst,0,1,0.030126557
campfire song song ipod,0,1,0.16221902
always good run time hope great day,1,2,0.9852676
enjoy montepulciano,0,2,0.86496407
soo cool,0,2,0.9690928
coding interviews nvivo day might understand im enough train someone tomorrow,0,1,0.113053404
oh gosh today ive went dream boooy arrived hooome,3,2,0.63260376
thanks appreciate much,0,2,0.9679084
ahh rozxy night club amazingjus stepn indjnice nice 1 2,0,2,0.98716635
long till lunch time yay,0,2,0.8356564
need eat something,0,1,-0.14324367
good luck demi love songs glad listen second album,0,2,0.9791477
twitter profile worth 5 still long way go,0,1,-0.09731406
eekk finally going bedd,0,1,0.22733703
quotlimes bedtimes failed rhymesquot,0,0,-0.6781781
oh gosh night bed,0,0,-0.42672232
found mentioned,0,1,-0.049904704
fun listening morning rush earlier remember quotanus chickenquot,0,2,0.69211656
love lt3,0,2,0.88782096
mandie excited coz got job child care yay lets celabrate,0,2,0.97231674
ufo way know,0,1,0.0021021664
go home better yet retail therapy,0,1,0.2886414
goodnight twatters tehehhehehe love hearing kevins voice go sleep,0,2,0.9793706
yay bonfires,0,2,0.602656
oversight didnt realise wasnt following though great blog post integrity,0,2,0.6042069
hahahaha love youu,0,2,0.96530753
searching susan boyle microsofts bing twilight new moon listening eminem radio hey google wave,0,1,0.06270929
still aint bed walking home getting coffee know hanover aint bad hour kinda peacefull,0,2,0.74275255
gd mrnng ah ur mood changa,0,1,-0.028236955
hey wanted ask songs youre goin cover next time,0,1,0.0580971
alexander william gaskarth,0,1,0.005067475
hmmm may go boston back feels better today,0,2,0.89513195
cookie dough also wearing pretty skull flip flops right thought youd appreciate,0,2,0.7677622
lucky trust cant get song outta head catchy welcome tweet tweet babe,0,1,0.073271826
pretty lazy thanx cont today doubt,0,0,-0.69661653
hi cassade hope awesome time touring,0,2,0.9691867
friends coming later today,0,1,0.15872791
amazing weather still hot loving,0,2,0.97767276
shares long blog moment remember,0,1,0.09873092
fingers crossed,0,1,0.41168058
yeah u r stanger hows things,0,1,-0.11806013
tonight crime comedy warsaw quotlekarstwo na mioquot 6 pm film based novel joanna chmielewska see,1,1,-0.03928035
im home watch offical trailer new moon like,0,1,0.1646909
long never update ontwitter,0,0,-0.5870851
june also brings e3 sony press conference 7pm time tomorrow night,0,1,0.18000652
excited getting new camera,0,2,0.98180515
still feeling terrible sick hooray megan hilty aka one hilarious glindas ever desperate housewives tonight,0,0,-0.48440748
holler related questions someone hear,0,1,-0.0701392
fantastic glad liked,0,2,0.9612752
yeah ok ok,0,2,0.5060728
yummy much mail discount ill review,0,2,0.6235332
got iphonethanx daddylove,0,1,0.32735482
still walking cloud dinner 610 wjohn donahoe ebay ceo griff ive pleasure meeting ebay live 200620072008,0,2,0.785364
evening basketball practice saturday weeeeeh,0,1,0.27412814
fun tonight congrats album,0,2,0.96635735
bit confused,0,0,-0.5571451
someting eat,0,1,-0.10145738
way dwc,0,1,-0.020770103
thats great approach sunny day lovely view lucky,0,2,0.9856899
ignored shit nick hahah,0,0,-0.8279167
rubs arm morning,0,1,0.22164334
go cinema hours watch quothannah montanathe moviequot love,0,1,0.40356407
sounds like enough fun last year perfect,0,2,0.92577004
theres homework omg forgot damn wont ist anyway,0,0,-0.5128726
weve got make weather changes least glasgow,0,1,0.04050132
quandry hard compliment person eat words guess,0,1,-0.4099016
passed fourday vacation wonderful went back hometown visited many places childhood memory,0,2,0.94177675
uk ready host 2020 world cup starting 5th june,0,1,0.13829844
hanging girl time twitters time,0,1,0.013264015
first post blackberry,0,1,0.049287755
good morning,0,2,0.76207113
yes issues nice song thanks blip love sugababes push button,0,2,0.9790783
love link inspiring inspiring illustrator cheers,0,2,0.98107314
note self live apartment wont deal gardeninginsects,0,0,-0.63446665
hell yeah,0,2,0.47021598
come never ever see face,0,1,-0.40077996
good morning,0,2,0.76207113
official favorite psp game naruto ultimate ninja 2 yeah game takes personally konoha,0,2,0.6905185
ouch im studying playing internet,0,1,-0.375571
thanks happiest ive shot ages,0,2,0.90449256
give us atl ladies hints,0,1,-0.03457708
ill look tonight dont bring laptop work given pc laptop imac desktop,0,1,-0.2973427
yes ive blocked follows bye xx,0,0,-0.49056536
watching sun rise driving alabama,0,1,0.10136342
loving sunny even work still nice look,0,2,0.96920687
j digeriste noticias ou paroute digesto,0,1,-0.05316522
thank great one well,0,2,0.94770426
goodmorning twitterrrr last real day school last week school last year school ohjoy,0,2,0.8499963
oh yes,0,2,0.5711227
hey whats girl got ta get hello fave rocker,0,1,0.3230525
dont dare get sick,0,0,-0.80558836
movingot bootcamp hours,0,1,0.015509427
saved twitter soul,0,1,0.18628722
remembering awesome service yesterday,6,2,0.97227097
hey hows going,0,1,0.13914639
ive never heard im sure great everyone gh hope u great vacation,0,2,0.9146801
friend insist give social distortion sample best band ever,0,2,0.78020734
love hate dont care play,0,0,-0.39291814
kristen stewart v looking soooooo prettay mtv awards,0,2,0.9812779
fat dying know,0,0,-0.4347058
ready work see later,0,1,0.09243905
loving look im heidi montags new song cant wait album heidi,0,2,0.9718259
nearly end year 8 nearly year 9,7,1,0.047415644
dont look way jimmy think last hold brad could easily find based knows wont,0,1,-0.12628067
garden looked estimated grade im suposed get b geog revise geog tomorrow l,0,1,0.020680249
congrats steve stricker fave pga player man home town,0,2,0.964607
oh autographed christmas card famous mtv commentator feel super special,0,2,0.95438665
life ish nah mean,0,1,-0.1866002
lets go bednighty nightrgh,0,1,0.1478317
school sun please come,0,2,0.5814114
ah well lucid least,0,1,0.2782681
absolutely love movie shakespeare love lt3,0,2,0.9793718
good morning ashlee aetrex web person,0,2,0.64194655
signal message comes monitors source,0,1,-0.05980427
good morning peeps,0,2,0.8094468
good day already sine die,0,2,0.8635415
got g1 update,0,1,0.106647074
used love,0,2,0.41796046
today help us make trending topic remember troops thank protect us,0,2,0.75704944
posted words report mine,0,1,-0.14640555
ill email sometime delish,5,1,0.2889819
lt forever make smile,0,2,0.9225439
talking amazing clyde says im adorable bonnie,0,2,0.9676443
listening radio disney eating cheerios,0,1,-0.0054238737
hahah powers dana,0,1,0.23046683
follow follow,0,1,0.34196287
pretty epic weekend fun nonsense working getting coffee dad seeing quotdrag hellquot,0,2,0.9085039
good morning,0,2,0.76207113
btw jealous picture bc could never get pic paisley like,0,0,-0.5622569
ignore e3 want surprised fixing twitter,0,1,-0.3305242
busy rest daymeeting prospective clients college students want quotcollegepreneursquot later,4,1,0.115077354
since friday good good,0,2,0.9528191
thats nothing resigned,0,1,-0.22433501
slept much school bitchhhh,0,0,-0.69684136
hmmmso industry maybe next supervisor ive probably women reason,0,1,0.001459904
playlist 80s music playing metallica fade black,0,1,0.035770893
know mean xoxo,0,1,0.27637267
5 25 pet supermarket print,0,1,0.011504009
im 32wk today try keep,0,1,0.055204514
happy birthday wonderful mother,0,2,0.98853064
giddy still giddy,1,2,0.85824525
quick question fortune fame much ask reply lt3,0,1,0.015030988
photo haventgotaprayer,0,1,-0.111019865
especially right b4 vacation,0,1,0.1603949
eldora timegreat event,0,2,0.94730777
nana made grilled cheese im better,0,2,0.63738096
good deal touch tonight,0,2,0.8991107
nice xx,0,2,0.83980924
ahh seen sisters keeper trailer june 16th yet,0,1,0.02060087
lush afternoon lots sun bathing park mateysgot quite good tan,0,2,0.9464694
home interview went well well see goes,0,2,0.9237742
nothing better day sun,0,2,0.9156627
filing public interest law suit google peeping thru emails jus kidding,4,1,-0.09459903
quotwhat waste eyesquot,0,0,-0.87205046
im excited,0,2,0.97118306
buy u bwring ipod,0,1,-0.005075276
beach awesome today food spoons,0,2,0.9818353
please please please say hey loves pleaseee x,0,2,0.85060406
mmmm coffee reading books evie contemplating getting us ready day,0,1,0.35872334
double sitting sit garden lovely cold drink watch sun go instead,0,2,0.566038
oh fisshing compliments gorgoues drawing xx,0,1,0.3756213
need report link,0,1,-0.28442585
yes ooops hihi,0,1,-0.101616204
journal backpack waiting read,0,1,-0.022696152
dont think buy pennfield products california check website thanks,0,1,-0.18619293
got invited rd golf afternoon sales dept work damn hate golf fun driving carts,8,0,-0.79024494
june 15th last exam june 22nd dofe expedition snowdonia,7,1,-0.0028263815
excited upcoming birthday even dreamed sushi last night,0,2,0.98000497
watching movie bed whilst stretches atm msg fri,0,1,0.118905164
stuff cute,0,2,0.8731413
hmmm dm req u dm answer exactly u blog,0,1,-0.05317192
onli found justin bieber fallen love voice,0,1,0.19382882
reading rss,0,1,-0.0033805147
yeah guys come water great nephews 14 year old online,0,2,0.67463684
going alright shes going alright,0,2,0.7739389
hmmmm made picture paint orchestra green unicorns stuff makes happy,0,2,0.93944657
whoa found entire matrix movie using microsoft bing bing favourite video search engine,0,1,0.3559174
big hahah youre cute,7,2,0.975346
guys amazing job shirt picked favorite colors,0,2,0.9814482
cool twitter fixed nowcouldnt log,0,2,0.3656108
yes girl youre gon na come visit move might next weekend ill keep posted,0,2,0.5689831
cool thanks guess could looked online,0,2,0.9163837
loving lady gs new song,0,2,0.9114837
missin certain personmmh memoriesthos da days miss em day oh wellsluv u guys,3,1,-0.06975125
hey hows going twitter bit shit sometimes,0,0,-0.83116084
made laugh,0,2,0.77180827
hmm love grapes mean like wine ill take finest restaurants deserve,0,2,0.8894662
link post ceos must use social media note survey end post please thx,0,1,-0.0014808849
modern warfare,0,1,-0.30844903
omg makes long time xdjust finish school next year,0,1,0.013313472
super excited prof said shed write letter recommendation library tech program,0,2,0.9679603
ah awesome man good hear felt like went well night really enjoyed cant wait come back,0,2,0.98968416
goodmorning thanks lt3,0,2,0.96035224
ah mikes hard lemonade cure ails,0,1,0.21035936
last time gaming way cool named scottish rally drivers,0,2,0.8878502
maybe forget canada,0,1,-0.1329391
luv awesome,0,2,0.944734
auditioning cough dancer cough got bust moves yikes say,0,0,-0.761754
love guys im going work know im happy cause get sleep tonight,0,2,0.96401304
mountain dew coke would preferable,0,1,0.04876259
thats exactly dinner except onion bhaji nom,0,1,0.0073740445
would love strawberries smooshy people turtles could help,0,2,0.9202093
thats cute recently got pack wildflower seeds said go sew,0,2,0.96684027
good youll sammy thayer dont guess youd mind house guest would,6,1,0.3767653
come admit little bit funny,0,1,0.2694097
might guy know seen entire series oc workin second time find new show,0,1,-0.011053748
like tons tons things,0,1,0.06101148
big day big big day sudden massive chicago delay doesnt hurt much,0,2,0.46495306
first time year came home homework im kinda proud,8,2,0.93345195
omg official,0,1,0.029638082
hope dont want money jackson,0,0,-0.45100588
think abbreviation 2010 gt eg 1610 looks weird one thinks like,0,0,-0.526188
someone help get 100 follwes please 4 go,0,2,0.60001075
know fav long song like repeat,0,1,0.39771834
thanks im almost done ahhh wait,0,2,0.48705915
hanging melissa tonightwho knows,0,1,0.038483717
hahahahahaai love sense humor amazing btw,0,2,0.97932214
great didnt make snuggle geek party,0,0,-0.44301653
thanks owe 2,0,1,0.40258545
im watching maddie deck right suite life deck,7,1,0.047688708
way work yay love job,0,2,0.9649952
tired bed peace tweets x,0,1,0.24547474
product thats free automatically quotfailquot remind write software living,0,1,0.25257787
business emails phone calls,0,1,-0.08217886
dodgeball thespians got best costumes,0,2,0.90122783
play cards right ummm anyway look like innocent angel somehow doubt xoxo,9,2,0.4478687
thats ok zeb copes well bossy women english chinese,0,2,0.75586146
im iming,0,1,-0.014774933
im new twitter courtney walker way cant upload photo,0,1,-0.38158026
25 manipedi denovo today offer good one year enjoy ladies,0,2,0.97336984
kind want one idea id get strong nopain policy life,0,1,0.3940203
lauren momberger loves harry,0,2,0.76764977
good one hubby bring iced apple chai tea ty jaynee,0,2,0.90819174
good guys left,0,2,0.62064296
got belly button peircedddd hehe,0,2,0.6942695
almost dinner time,0,1,0.12766951
im watching last episode hills season 5 wont fall asleep sure,0,1,0.10544467
asks anybody facebook add nyo ako please,0,1,0.022033857
free draw lit easily puffing away,0,1,-0.050742
whoa whoa whoa listening miyavis new song superhero 9th time today swoons thats one amazing japanese boy,0,2,0.98244625
funny already see referrals quotbingquot logs theyre msft peeps,3,1,0.20579109
evening hope every one enjoying swing work got home roomie served super great dinner feeling much better,1,2,0.9836233
youll find cooking hugely therapeutic think way,0,2,0.83341134
planning stuff week,0,1,0.03300617
visiting christina starbucks natalies drinks jussss keeddeerr,0,1,0.18516132
officialy 18,0,1,-0.0013843626
quotaint sunshine shes gonequot id say thats great song stuck head,0,2,0.820918
gahhh finally finish lab essay 2 2 go day later thats today ive enough one day goodnight,0,2,0.8419519
whatever said sounds much better way said,0,2,0.6143917
wear zee cargo today supa coo,0,1,0.04535696
waiting oldest go bed scoop two ice cream peace,0,1,0.2985712
yes would honered host ur bday,0,1,0.40382004
ltthats big sis add,0,1,0.032987975
drawing pictures outside page inside didnt realize much missed colored pencils,0,1,-0.21842682
note self english essay pay attention class,9,1,-0.091190144
theater watch,0,1,0.0086639
yet come aim multitask,0,1,-0.036322244
ohhh ok wonder wasnt sure going,0,1,-0.19342813
good morning twitter,0,2,0.83199775
makanna myyy babyy hahahaa yes shaking dat booty meat hahaha tutus bday funn,0,2,0.78737
try try,0,1,-0.013604313
good morneen,0,2,0.7212198
donna spamming entering contests fun,0,2,0.5777947
yes indeed figure angst love later say bring,0,2,0.5694971
ill kidz win toronto djs year yayyyyyyy ricky congrats,0,2,0.98230886
hahahaha need tlc tender love care,0,2,0.44855687
uhh three days left oh hot damn,0,0,-0.34480703
ca call nice quotflipsidequot sorry couldnt behave angel misplaced halo long ago,0,0,-0.63209754
get well soon,0,2,0.72136027
honored u threw lime,0,1,0.22006835
hey lady,0,1,0.101198465
hello oz show great ozzies say fire really missed show love giggles make,0,2,0.87173617
thinking today wanted say hello,0,1,0.32172486
good one nighty night,0,2,0.8441781
yaaay happy likesss think im gna blog black bettys spanks photos princess lt3 hopeschooliscool,0,2,0.93194544
happy birthday x,0,2,0.97358143
back missouri long drive back ga,6,1,-0.12658769
videos done cant get link youtube isnt working newest one youtubecomsarahsaysfasho,0,0,-0.8722731
another day rehearsals done huh dont blame us knowing chris told us hope hear u soon,0,2,0.5103827
truth hurts,0,0,-0.805879
thanks gon na try one weekend,0,1,0.18153033
sleepy going bed,0,1,-0.14693074
speaking juice cranberry fridge right,0,1,0.12084544
im home,0,1,0.21619263
im good mood right guys,0,2,0.94291925
kardashians entertaining people twitter along disney girls,0,1,0.28625503
level cute ridiculous looks happy,0,2,0.9570468
used king four square id,0,1,-0.09098446
oh waiti already,0,1,-0.14107122
teehee true,0,2,0.4843009
ayo three 6 mafia keri hilson gucci track im ears one yall hurr,0,1,0.015751235
listening fly lovee songgg muchhh amazinggg cant wait till june 16th lt3333,0,2,0.98856306
never knew quotupsquot balloon salesman carl fredricksen alredy 78yearold hahaha,0,1,-0.034309223
tupperwear walrus commonthey like tight seal,0,1,-0.013876393
hooray new batteries,0,2,0.92926556
omg awesome guys tell us,0,2,0.9432433
exactly lets live momentim excited summer,0,2,0.9636373
work new beat night like least 2 weeks stop people need help album soon,0,1,-0.1013003
welcome way,0,2,0.63349885
hey portia eat vegemite breakfast wondering,0,1,-0.0021276623
good supper family tonight,0,2,0.948887
hey guys thinking today good back,0,2,0.96172726
pinky swear,0,1,-0.35040975
think im going bed soon nightnight yall,0,1,0.17008512
days quotthe nannyquot box set arrives taking week work hahaha,0,1,0.23978883
thanks man,0,2,0.531311
finished lunch,0,1,0.015175581
sitting trying remember gon na,0,1,-0.14106584
july aint coming fast enough u doin ur bday 25 days,0,1,0.32496142
hmmm sleep time turtle shopping 2 min,0,1,0.0045502447
hmmmmmm armbar lockdown,3,1,-0.0370648
haaaaaaaaaaaaircut tomorrow,0,1,-0.067460924
woken two hours fever dreams find post back phone message awesome girl,0,2,0.9347004
otherwise watched abcs homeland security saw one,0,1,-0.017560456
frmnick heunisch msg talking dog turn cat pussy yum,0,1,0.3503356
hey people make football teams grandpa wanted full bar cheers,0,1,0.41813302
woohoo beta launched today tomorrow mini celebration wed,0,2,0.845697
amen stuff floor,0,1,-0.167246
bwaaahahaha someone called koala xp tee hee looks happy though,1,2,0.92695564
yay twitter,0,2,0.55875117
yes delicious,0,2,0.91532487
amazing boyfriend night love,0,2,0.9715387
night kevin sweet dreams,0,2,0.6173168
hey know miley gon na tour thinking touring australia soon hope iss lt3 xos,0,1,0.26551226
oh well ill try stay long,0,1,0.15469548
2 theory deadman next,0,1,-0.024408817
wow entertaining interesting,0,2,0.92389154
yes ill back,0,2,0.63320875
watching simpsons,0,1,0.4017857
oh yeah morning campers,0,2,0.5259373
loool recommended,0,1,0.19249633
robin fancy mmmm lt3,0,1,0.12081397
hey hey glad appreciate,0,2,0.97424436
carrots hummous mmmmmmm,0,2,0.71841615
morning lovely day,0,2,0.9591175
yeah scrubs,0,1,-0.13818984
curled bed bein cozy,0,2,0.6914036
wow first time want go back sleep natural wake,0,1,0.20932618
luckily seems,0,1,-0.0113298
go sleep,0,1,-0.10943282
great cookies going bed,0,2,0.7802849
dont feel bad im 10yrs older life still great happy positive,0,2,0.943932
ohh lovely x hehe x count naked people hehe thats always tell hehe x x x night night xxxxx,0,2,0.9356326
relieved internet,2,2,0.47781193
new desktop youll like,0,2,0.7841683
going sleep trishout pillowcase want hug musicians sooo,0,1,0.12564282
u wish upon star makes difference anything youre heart desires come u,0,2,0.5507241
sweet movie quoti hiding porch love youquot fav part,0,2,0.9352898
ping san really hakka,0,1,-0.06893774
yup nvr change,0,1,-0.12182309
like miley buuuuut yesh,0,1,0.26027092
totally got love survey bulletin myspace intrigued read gah damn aloha,0,2,0.51128507
033654 hkt say jeep 5,0,1,0.0016156137
dont pornography attend oh yes anal sexon sims 3,0,0,-0.6152384
longs weekends font petites semaines,0,1,-0.0040585846
thankyou update cranial soundtrack complete dance moves,0,1,0.39250544
voted think youre awesome amazingly enough tho hated libs getting stupid gst australia,0,2,0.54259366
friday sometimelol wouldnt clue getting,0,1,-0.19233063
hey thanks,0,2,0.55918294
way mang idea im,0,1,-0.042724192
sunny dayyyy,0,2,0.92786145
knitting watching across universe,0,1,-0.16471827
ma3leesh rabena haykrdmak 3ataba gdeda least u still u,0,1,0.01381024
wearing pink nail polish,0,1,0.13021618
love guy friends keep line please dont ever leave,0,2,0.86644113
morning lovely day leicester tainted slightly fact go dentist,0,2,0.73677534
another beautiful day,0,2,0.9750614
business case iso27001 client received confirmation become certified theyll lose 500000 contract,0,0,-0.508233
day pretty goood actually,0,2,0.9795091
im gna thats asking,0,1,-0.0708571
good nite everyone sweet dreams,0,2,0.9553864
200gb new 1tb drive,0,1,0.06190344
love twitter im adicted twitter like drug,0,2,0.70848477
meetings cycling social websites,0,1,0.046295155
bear im coming back soon,0,1,0.45287925
enjoying nice glass red,0,2,0.9802739
guess pretty cool music brazilian flavor mixed hip hop musici like idea,0,2,0.96965605
mention im drinking beer,0,1,-0.026482314
thing think lovely get compliments,0,2,0.74160683
pls check single note god itunesamazon play kid carson show beat 945,0,1,0.0703647
thank support,0,2,0.81040925
understand project addon hopefully,0,2,0.52878416
chilling home mampms,0,1,0.12138033
ate french toast gt,0,1,0.009018958
listening runrig work designs,0,1,0.04302253
think twitter pic looks much trustworthy,0,2,0.5584942
cool lem know oh pls sms instead arrange,0,1,0.041222043
wow ur feel fine,0,2,0.9145549
going chillax beach sunshine picnic beer combination,0,1,0.40826827
always great help friend gooooinnnggg beeeeeeeed,0,2,0.9843922
sitting near reception waiting inrerview twittering waiting big boss,0,1,-0.025329389
real account fake im confused,0,0,-0.73230094
become habbit consume got ta,0,1,-0.046896346
happy birthday,0,2,0.97575384
good morning everyone school today,0,2,0.75469214
dude follow morning way,0,1,0.1111703
time orange juicenice thanx god,0,1,0.089926764
meh eating grapes watching 7 pounds fun today playin mini golf richie reva thomas,0,2,0.8781802
think may passed history,0,1,0.028140284
enjoying bloody orange granita porchetta right gym tsk tsk,0,2,0.85710496
hahahahahahahah well long,0,2,0.42608318
ross make buy pizza base ive looking bases suck might need learn make,0,0,-0.8936586
going mall something cant wait see guys,0,2,0.95005906
notgot quotinsightquot,0,1,-0.23389581
neon jelly tshirts,0,1,0.069418006
hoommmee work going bed wake much closer thursday quoti know boy name isquot,0,1,0.09709997
hate hate danny robin hood theyre like best things life ever danny jones hear,0,0,-0.79533345
quotcheck icon sweetquot cute monkey vomiting flower sorry,3,1,0.27408162
great questions good people preparing marketing business,0,2,0.90289867
welcome back,0,2,0.87214446
sall good want ahealthy sized group goin us,0,2,0.70488167
tell like dont like site know send,0,0,-0.7697576
talk later hon great day,0,2,0.95745075
know get lollypop,0,1,-0.040196687
hahahaha hey im big big big fan name pet didnt see online one,0,2,0.8024825
sleepdeprived eeg morning tomorrow stay night miss school tomorrow,0,0,-0.4259197
looking forward work today next week hang character princess tho,0,2,0.8899182
hello every one nice meet u,0,2,0.95405257
blessed manager like,0,2,0.831579
go cinema watch hannah montana,0,1,0.22010885
ooh pub quiz tonight completely forgot excitement paris,0,1,-0.25746775
finally game settlers catan also booked restaurant birthday dinner life good,0,2,0.9501916
good morning hope everyone wonderful day,0,2,0.9814087
also vans,0,1,0.07344527
like u,0,1,0.18421955
good morning going nice long walk get blood pumping morning,0,2,0.9492608
going toetally clean house bathroom kitchen bedroom,0,1,0.17323068
hey like ur new pic one,0,2,0.796155
potato head hahaha ahem sorry clearly rice,0,1,-0.21901798
rehearsals rehearsals rehearsals like come back 2230 2300 pm gtlt,0,1,0.05749838
good morning twitter buds,0,2,0.81463766
gtg gon na take bath watch movie xd,0,1,0.07549407
ok everything doesnt turn perfectly thats great sometimes,0,2,0.36089295
think add time study nong,0,1,-0.046032403
may least one dreams come true today great day,0,2,0.980477
hah nice geek reference still think logans run classic 2001,0,2,0.75549895
dont like acctng yan p man din yung like kong course btw watched glee liked,0,1,-0.31319773
deadly sunny time go lie garden turn red bak 2 white next week,0,1,0.3691312
ive got ashtray heart stuck head,0,1,-0.38471773
made feel whole lot better,0,2,0.94080216
mencari teman sebanyaak mungkin huahaha,0,1,0.08994008
yaldi big twist episode,0,1,0.0020868853
ok inevitable happened trex led bowie spotify aboslutely massive bowie collection thats sorted day,0,2,0.69486976
another day fab weather itall good stuff,0,2,0.9810791
dont eat frogsthats chinese one guess fair enough lovely noodles like wagamamas,0,1,0.20915216
ive replied,0,1,0.084639646
oh goodness totally nap time work,0,1,0.35626057
none lots yesterday today mt rest day,0,1,0.20436943
happy bday mom tommy,0,2,0.98572063
almost done charging,0,1,0.1178181
thank goodness books good subject twin flames,0,2,0.9212411
ok thanks reply ill figure something else,0,1,0.40566632
great site finds really interesting stuff,0,2,0.98107135
haa haa first time early siaheee,0,1,0.40530604
im actually looking happen stumble upon ill let u know,0,1,0.17949592
rtype quotslightquot annoyance,0,1,-0.43653253
get groove,0,1,0.17286262
sat outside sun swinging garden bench,0,1,0.094640814
listening climb,0,1,0.07011315
kitchen recipe stock still contained oldfashioned books cant digitize character,0,0,-0.59813386
looking new sms sending solution get 6 free sms every itagg,0,1,0.4188526
lolol woorddd u wanted dat pic wif low,2,1,-0.016551062
lovely view get keep rubber duckie sbe part special collection along wleopard print hotel robe,0,2,0.9285378
marching band bus steam roller involved,0,1,0.009180281
regular trying find food nothing new,5,1,-0.109810725
bruce willis mofuckin bamf,0,0,-0.9244757
im watching mamma mia seen love funny hmmm think rest movie wait,0,1,0.40872264
thats roll anyway,0,1,-0.038539037
yeah im thinkin need go hydrate first bloody hawt today,1,0,-0.5239572
finally home,0,2,0.5917485
10 already 73 degreeshello summer weather,0,2,0.6924527
upgrades updates,0,1,0.0788866
joined twitter uploaded photo latest photo shoot taken trip,0,1,0.040315613
kids graduate tomorrow aww proud cant wait,0,2,0.9889018
sabrina teenage witch,0,1,-0.25350505
thanks much,0,2,0.5224897
entertaining nice job,8,2,0.8878347
running errands working,0,1,0.18001243
whip sun moisturiser,0,1,0.1385299
omfg werent hero today already certainly thank,0,2,0.7814025
taking much needed nap nighty night,0,2,0.6956628
nice new proj work ride,0,2,0.9030804
dont wan na hw wan na drive,0,1,-0.15817492
indeed want see comes ldn,0,1,0.14776143
found started talking 1,0,1,-0.020852216
braaibbq drinking rattler listening bon jovi clear blue skies lovely,0,2,0.94925606
gavin degraw amazing always bad leave early lisa tired stay ah well cest vie,0,1,0.3215392
id actually okay,0,2,0.8093601
miss twitter sooo much way hello everyone,0,1,0.113075435
know bruce follows dannyso cool itd awsome got sing mcfly know really want buy xx,0,2,0.9535196
anyperson anyaqe qet type whoopin mama,0,1,-0.22999603
raise hands need cop shoes count damn need new job two new posts site two tomorrow,0,1,-0.18380442
hellooo twitter punkins sounds like new rock band,0,1,0.33615786
way boracay minutes,0,1,0.023402318
poor girl feel,0,0,-0.5832375
least get service,0,1,-0.13410231
tell people follow please would nice miley fans x,0,2,0.76636404
thank coco another hilarious show free chocotacos,0,2,0.9722151
thank youuu,0,2,0.85827
sitting aunts house taking internet,0,1,-0.19892515
getting ready eat salsa chips bless god,0,2,0.5719026
thank follow,0,2,0.62853193
agreed probably easy lesson,0,2,0.6386639
710pm 3 sessions tonight,1,1,0.068035066
feel like crying see new movies got yesoh yeah,0,2,0.3786273
going bed night guys,0,1,0.07744945
ill try,0,1,0.17687558
good night,0,2,0.61118776
want babycake cupcakes vegan gluten free yummy perfect,0,2,0.96411526
hand man young woman feels,8,1,-0.058149066
wishing everyone good night,0,2,0.9243012
got house today yeaaaaa,0,1,0.2190579
bed reaallllyyyyy hopes hunter pick tomorrow,0,1,0.3790013
bed simply fall good night friends,0,2,0.54085624
hear u follow im following u,0,1,0.34398583
mitchel musso hot let put,0,1,0.38718793
im embarrassed,0,0,-0.84099627
hahahaha also feel good,0,2,0.9492522
girls bed watching alias getting ready raid fridge blueberries come,4,1,0.12634665
time bed nighty night hope u guys sweeet dreams lt3,0,2,0.92531824
enter win corioliss flat iron blog good luck,0,2,0.88431376
nothing better boat except maybe making whole lake trip w,0,2,0.6150936
oooooooo god dam well want u back go know want,0,2,0.5325083
applied million placeslets hope get job,0,1,0.2285117
wondering hes still listening soldiers get goodnight,0,1,0.03074915
plan going,0,1,0.08363246
rc want trade leek flour salad butter chicken lobster chocolate ice cream im u r interested,0,1,0.41621983
good morning sirjee r u today,0,2,0.6622766
learn sign language eric,0,1,-0.013537772
hurry u suppose send joint,0,1,-0.016082145
didnt know showing found youtube jacobs transforming totally ba,9,1,-0.09241362
hahaha youll fine,0,2,0.83718157
hottub jennas fun fun need loved people us text darnit,0,2,0.82512003
gta love cnt eat cnt sleep feeling gut makes heart skip beat,0,0,-0.68324065
hello karen long time seehow getting ready sleep,0,1,0.21191043
kehe stalk wickedlol,0,1,-0.18216969
cool purchase jewelry website updated soon new product,0,2,0.90127033
yea insurance gon na pay happy im taking tommorrow,0,2,0.53520304
also much loved,0,2,0.9203699
oh well wont loose hope till day,0,1,0.10875127
answer question 80 color 40 bampw average probably many oh well,0,1,-0.013097458
yesterday first driving lesson bike,0,1,0.013393398
totallysign muna,0,1,0.017419413
hey mark im alternative band highly inspired blink 182 record please give us ur opinion,0,1,0.25237447
im headed 2 hang friend right def done tomorrow ill hit u soon done,0,1,0.14012624
another tuesday night drinking,0,1,0.0024684519
good food reasonable prices waiter whistles like bird twitters,0,2,0.77324533
causing xml parsing error severely delay page load time,0,0,-0.8668525
bella living name,0,1,0.06704151
goodnight everybody dreamland anything send dm,0,2,0.5613912
really update,0,1,0.06563029
yes read ur tweets dont check often wish couldve tried ur brownies,0,1,0.033347264
cuz know everyone cares went cereal quick easy neglected morning,0,2,0.7538199
dont value,0,1,-0.39497766
im sure use place love miley world miley know,7,2,0.698299
got ta go wake antwon fell asleep coutchh bed,0,1,-0.08091213
finnished curly straight 1 hr half yeeea buddy,0,1,0.19053845
tad bit much complex,0,1,-0.3808982
checking buzznet 2 yrs withoit checking,0,1,-0.10374443
think hottie yeah said,0,1,0.056377962
told tell go outside enjoy sun,0,2,0.558008
guys best well laughing night,0,2,0.91743004
yes actually giving lovely foot rubs lately,0,2,0.9430066
watching movies,0,1,0.08801083
apologies 4 impudence u single noo cant b nways relax bro love come least u r guy worries,0,1,0.38912898
use ypipes personalize rss feeds sure would good option quotnormalquot users,1,2,0.8043089
starting enjoy writing,2,2,0.809683
congratulations must something right pick followers quickly must outfit,0,2,0.62261504
happen ever stop fresh easy try chocolate flavored blacktea delish especially u make milk tea yum,0,2,0.96861124
blimey predictive text bugger isnt,0,0,-0.6454774
nuthin new really lots sun much housework gets dusty apart delusions,0,0,-0.56394756
im sleepyheadin airportcomin back nyhow r u guys far cnt wait com homehey andy cook last nite though,0,1,0.0961086
waiting crab noodles ipoh town super hot shopping tonight,0,2,0.51223177
know right dont remember life like got twitter,0,0,-0.42837209
ready cheer boot camp start hopefully wont kick ass bad,0,2,0.8286062
ahh good chill,0,2,0.66752386
see tomorrow tweetup,0,1,0.084057435
lmmfao twitter cheating lmmfaoo cool lmmfao pimpinnnn still love mz amazing,0,2,0.9441618
whats quotcost chaiquot,0,1,-0.07487433
hey tweeps please go vote 8 hours left sleep,0,1,0.123373315
targeting hardwe may see working shootersbut lets see may plans,0,1,-0.035174355
like curly fries,0,1,0.08931421
asta fost examen pe cinste,0,1,-0.055826664
good point use satnav poi food,0,1,0.3899027
hahaaok set give time date place,0,1,0.043024503
skipped another enrollment day cook dinner family porkchops porkchops,0,1,0.18116225
great laid final guitar rhythm tracks two songs sounded awesome mixed,0,2,0.97719544
article leadernews today,0,1,-0.0017125681
definitely smells hahahaha,0,1,0.23720296
ah know im excited laurens last season,0,2,0.96771663
going come back time soon go back see guys,0,1,0.43346512
pretty easy got one go,0,2,0.76420903
quotmen follow men nobody tweetsquot,0,0,-0.46236774
guess remind,0,1,-0.08040051
morning kerstin raining arthritis bitchl,0,0,-0.76882976
nobel laureates rock please listen share great news check xox,0,2,0.9540651
yea 2ish sounds right love sleep would get 9 dont,0,2,0.75863045
start trending topic,0,1,0.022027776
hey howd find youre pretty interesting,0,2,0.97234595
sun shining bright beautiful day woop woop,0,2,0.9803937
good morning,0,2,0.76207113
going put head gas oven,0,1,-0.084035516
sorry good morning,0,2,0.694376
sorry real link oups,0,1,0.014995538
10x shall publish 2nd part security blog post soon,0,1,0.08080492
think explain,0,1,-0.12862974
totally nailed alien mass effect,0,1,0.123690486
ah russ listening loving wish could go back days love oldie films songs 2 build time machine,0,2,0.8964133
itunes account pa ba receive,0,1,0.061299328
good pussy cat,0,0,-0.49644354
disable extensiojns start,0,1,-0.26286125
yesterday big day shorten bangs finally see world got new camera yesterday free day yayy,0,2,0.94739366
noticed company doesnt twitter page tempted register pull joke boss ltsnicker gt,0,1,-0.40552768
bom dia twittes,0,1,-0.111812025
im intent adored praised appreciate u say honestly even im calling,6,2,0.9345526
getting ready schoooool home 3ish texxt meee,0,1,0.22176673
omg 900 followers,0,1,0.1374337
im today sowwy,0,1,0.0138677135
thats fab email,0,2,0.8611687
meet bowie david bowie famous singer david bowie mine,0,1,0.16828173
feel better,0,2,0.7890432
limit story 140 ch tell annoying help relieve stress,0,1,-0.2488471
good morning awesome time ny make sure u relax ur work luv u,0,2,0.98474115
even though dont get 7am luxury tomorrow think im still going get early night sleepy gnight folks,0,1,0.44378853
take deep breathpyuuhhhwhatta shocking newsbut im happy,0,2,0.9177143
yes suggest get creew start looking bbf would definatly watch one,0,2,0.66020334
putting shoes,0,1,-0.06573643
time travel manual great stuff,0,2,0.9434904
first tweet,0,1,0.023778677
woohooo race governor,0,2,0.7404726
655am flippin eck time silly person xxx,1,0,-0.7218757
really check mac home,0,1,-0.09533174
thank awesome week,0,2,0.9771027
yessssss infinitely,0,2,0.7064687
need lines chat maybe impress,0,1,0.19774258
thank sincerely im sure itll blast,0,2,0.939481
lmao ill try stop visiting everyone tomorrow,0,1,-0.20039822
feeding fish fun,0,2,0.68836504
deym discovered theres still know twitter im currently learning,0,1,0.11781788
ask copy love coo,0,2,0.49190775
thanks jax,0,1,0.45064184
works cooking shows far time frame well didnt tylenol headache,0,1,0.01774548
read repliedlove,0,1,0.34328964
getting ready another busy day work praying north korea doesnt nuke us anytime soon,8,1,0.119338885
oh rudeness morning twitterville happy hump day,0,2,0.4570602
bon voyage cheers,0,2,0.8470077
dont want learn physicsitsi dont knowrubbish,0,0,-0.87489134
ok twitters indo pra aula kiiiiiiiiiisses,0,1,0.009115741
nice arent opening presents early naughty kitty,0,1,-0.29966763
anyone know testers need job need hire people team,0,1,-0.02309822
hey tom ever watchlike mummy mummy returns brendan fraser love best movies xx,0,2,0.92748666
quotbring interesting friendquot thing im tired bed,0,1,0.23518656
latn aprobadooooooooooooooooooooo thanks 3 xd,0,2,0.7942624
feel way torontoso bright refreshing w cool morning breeze,0,2,0.9239342
wow good see another bthow met mother fan around,0,2,0.96593505
need new music suggestions,0,1,0.23343876
god love maternity leave hotsunny lazy baby good long sleeps days long may last,0,2,0.9554545
3 classes today 2 tomorrow,0,1,0.05120001
thats sweet u youre sungirl,0,2,0.96581703
shall though momento,0,1,0.07896889
watching live wit regius kelly order tickets new kids conerct,0,1,0.120633826
hermit variety thanks rt rt,5,2,0.78859127
oooooo 10 starts tomorrow wrong im looking forward another summer bb,0,2,0.86759055
respect blair never backed brown mr flipflop,0,1,-0.324451
oh yeah email back running,0,1,0.37431642
takes 30 minutes great day phil,6,2,0.9206393
amazing jeff jeff buckley grace around world epk video,0,2,0.9258573
says apir hehehe,0,2,0.55968124
mampms 9amnothing wrong picture,0,1,-0.026444092
yeah dont know,0,1,-0.33391264
thanks im feeling better,0,2,0.90936583
new job dress,0,1,0.0030570328
omg im sooo excited well school last day woohoo best day ever thanks,0,2,0.9902928
ahhhhhh full service baby excited wait 16 days,0,2,0.97745126
twitterl works oauth ecomponent almost ready released,0,2,0.7147175
ooh thanks heads,0,2,0.7611906
hilarious got ta luv autocorrect,0,0,-0.3413427
waiting boy come give massive hugs lt3,5,2,0.8276483
ughi love rainbut makes want eat sausage burritos mcdonalds got hard time waking morning,0,2,0.50783986
great day,0,2,0.9665673
yeah yeah whatever say,0,1,0.009281293
dont know jim wasnt following learning time,0,1,-0.30030844
little old man floats house away bunch helium balloons,0,1,0.056911454
missing twitter banter tweeting friends,0,1,-0.0690477
official good morning almost afternoon twitter im sort mood write kink bingo whos,1,1,0.34021243
bah hey sent fb email,0,1,0.09834877
airport pick emily china stoked,0,1,0.34647802
email checked,0,1,-0.09632231
sitting cargo waiting puppy,0,1,-0.041727327
going lunch hubby,0,1,0.12713026
hopefully remember forget band camp girl lookalike xoxo,0,2,0.6066171
american visa approved yay,2,2,0.87425977
come get us wont let us brooke,0,0,-0.47556114
used crock pot would done returned trip,0,1,0.10361393
beautiful lb happy birthday welcome 25 club,0,2,0.98987615
gon na go make bacon sandwich soon fill big belly,0,1,0.22466572
gray thundery outside think well wait walk 2 recommend good quotinspirationalquot podcast someone pretty please,9,2,0.8016942
im still reading quoteast edenquot,0,1,-0.052050713
wonder apprehensive drink beach juice nassau,0,1,-0.041070398
always good idea match umbrella wyour outfit,0,2,0.86738527
gal bladder surgery day yesterday got back yesterday getting better day,0,2,0.8615351
happy birthday hope day filled joy,0,2,0.9902164
flo rider sugar using eiffel 65s blue seriously want unique music please,0,2,0.5185172
tweeting eli,0,1,0.002842255
know fix iphone,0,1,-0.26343912
bed time shopping graduation dress morning text meelt33,9,1,0.053463977
check mers facebook theres another idea getting spirit,0,1,0.038450003
im sure ting tings could thing,1,1,0.048735455
gen use service link service gmail find miss,2,1,-0.18500996
social thank,0,1,0.20113741
totally jel right tell hello,0,1,0.30185583
built new 400 comp gigabyte ma78gm2 mb athlon phenom 8650 triple core 1525 fps sl w builtin graphics,0,1,0.07357712
stealing mothers slow cooker best idea ive ages tonights delicious dish tomato herb lamb shanks,0,2,0.8952231
noodles badthey give good balance nutritious food prepared wellthat get internet happy,0,2,0.8866394
tomorrow ill wakeup senior however go bed finished last day,0,1,0.08147613
robert pattinson topless pics oh lordi new moon got even better x,0,2,0.9754278
wahaha daddy parker looks like exconvict right lolol,0,1,0.30238253
yeah still cards making keeps busy,0,1,0.22548258
aw thats sweet say still taking weekend events,0,2,0.93177104
rainy nyc day wish home pjs,0,1,0.11210632
got internet phone cool,0,2,0.9261778
took long,0,1,-0.3348882
wan na hear hangover tomorrow,0,1,-0.19918945
youre welcomed,0,2,0.9329007
b work today great talk w dis morning w coffee smoke berry n hand sure 4 brunch,0,2,0.92850214
um lordy stuck foreign land,0,0,-0.72922504
ooooo yes get smilies,0,2,0.5703324
eyeballs billinghowever happier thoughts getting thru hoping someone may pair tfc tix sale,0,2,0.7874864
going mother wiff elise samantha today,0,1,0.039387483
never would love much,3,2,0.35288274
sorry meant seem need rush get break long enough shop around decent ac,0,1,-0.18117058
muder avacado crab cakes sweet potato fries,0,1,0.08990443
got 90 test,0,1,-0.10874107
monday good 4,0,2,0.9029468
hey whats girl,0,1,-0.019257464
262 odds,0,1,-0.08351617
highnote80 alevel girls work tnytmight perk ampmaybe tunege,0,1,0.059937544
thanks appreciate thoughts comments post much love peace joy blessings hugs,8,2,0.97721535
made twitter account,0,1,-0.11379256
getting visit gon na watch movie r u,0,1,0.05637052
hey live officialbowwow live gt,0,1,0.05248018
thanks think,0,1,0.13797228
watch teh video cant watch computer cos doesnt work uploads channel,0,0,-0.7968196
best mate happy time start making plans weekend lets get vodka good time xx,6,2,0.975751
baby girl tried call said unavailableemail,0,0,-0.5757896
watching goofy movei,0,1,-0.13408774
close finishing taste,0,1,-0.06289488
going swimming today,0,1,0.22055839
called pacing julespacing,0,1,-0.07499724
sounds like another crazy great plan xo,0,2,0.91890925
yes maddy family cute adorable,0,2,0.972922
twittering peep watching downtown san diego lunch luvin life,0,1,0.14041586
spider public situations playing chess got upset people stared quotnuff said,0,0,-0.6583771
making mary kay appts taking care sick husband,0,1,-0.12380248
pick sum twizzlers,0,1,0.011870772
try thanks sam,0,1,0.23532087
take rounds tequila shots run mcdonalds stalk someone outside apt makes feel less guilty,0,1,0.16011736
shorten tweet bit order retweet im,0,1,0.022983965
kiery makes seriously awesome bread yum,0,2,0.97871983
think right might watch bit wossy boring quit edgy,0,0,-0.6025612
meant could twitter page gone funny wine however would like pear cider,0,1,0.28929955
thanks much get sleep im getting dragged dinner later,0,1,-0.058882773
loves follow friday,0,2,0.90798575
link dont see,0,1,-0.36937392
going buy food tour kroger better lots ramen noodles,0,1,0.20834146
dont take next msg personal ur name mention cause like luv love u 2,0,2,0.8427772
8 10 catss,0,1,0.106258504
made korean cucumber salad cucumbers special guys garden,0,1,0.28779194
gon na watch new friday 13th go bed holiday tomorrow exams nearly college wooo,0,1,0.27175352
girl work pulled bible breakroom topic conversation heart smiles awesome,0,2,0.97520757
actually totally unpacked night got home laundry next day groceriesoops,0,1,0.42073405
bit like huh thanks much thursday hug,0,2,0.94133556
shelby shall make rain stop,0,1,0.16007788
cool wish luck hope rain doesnt dampen mood,0,2,0.8385318
hmm whats going twitter missing something,0,1,-0.4396888
yay friday mizsmith new post check enjoy weekend,0,2,0.9621415
hey well first guys amazing jonas brothers live gt,0,2,0.96601903
thinks great twitter sitting right next people getting,0,2,0.8357651
time food ice cream gummy,0,1,0.002406463
going see take,0,1,-0.0064330846
let know else see,0,1,-0.10223175
hoping get r r weekend shall see,0,1,0.47432452
jamming grind akadis song day quotno candy youquot prince,0,1,0.021547876
like name,0,1,0.022776619
friday night,0,1,0.07680823
sitting outside waiting reason smack 7 year old,0,1,-0.41640273
youre welcome go get em,5,2,0.94189835
love burn notice entire first 2 seasons laptop,3,2,0.6127408
best day ever convertible,4,2,0.9776917
yay making good progress,0,2,0.94855756
thinkin maybe mojitos order evening got ta make use mint im growing right,0,1,0.42061603
thanks ill check em last time saw guys support act became one favourite bands,0,2,0.834061
holey carbohydrates today national donut day,0,1,0.07530222
party any1,0,1,0.15949968
onibus com personagem tim burton,0,1,-0.028708585
wow thats alot water pretty please aceppt request follow u,1,2,0.97418815
sitting sunshine enjoying double espresso reading great book life good,0,2,0.98009014
hey u please say hey anna donnieklang live gt,0,1,0.08381987
thanks man good see twittering,0,2,0.95378983
yeah negative alright moment soon passfor every long find away come right back,0,1,0.25527844
mmmm coffeeee,0,2,0.5154771
love demis new album cover awesome cant wait songs,0,2,0.98844975
finally bed ipod took ages load ready journey bognor tomorrow,0,1,0.048729315
voltei ver office uk,0,1,-0.021484777
wants watch movie wants accompany,0,1,0.18309906
awh youre sweet love girl,1,2,0.9765536
two favorite authors ive waiting sequel inferno awhile,4,2,0.78252834
hi lovely pass original photo beeeautifuul kisses,0,2,0.97400945
visa black card carbon graphite anyone get,0,1,0.01650067
going sleep sound halo 3 two happy boys,0,2,0.8158502
talking dome hotties aim,0,0,-0.5045232
drip new orleans ice coffee latte mocha first 4 times go youre lucky popping place,0,2,0.7116286
heading band practice currently stuck traffic,0,0,-0.572795
im definitely,0,1,0.36726564
u mean weeks yay cant wait see bat time bat channel went adam westburt ward,8,2,0.94311273
something make sure passes week,0,1,0.27624375
proactive happy,0,2,0.83377373
white truffle popcornsounds decadent hope yummy,0,2,0.97166026
love hubsterhe best,0,2,0.96069604
first follower thanks,0,2,0.88278437
thanks putting follow friday,0,2,0.72789025
comes ring,0,1,0.13830328
try nordstorms cafe romas tomato basil soup amazing ps plz make new miley mandy show episode,0,2,0.9517096
woo hoo limits cracking world,0,2,0.5453736
hehehe love,0,2,0.945218
ohmygod loved ending glad decided finish drama,0,2,0.95156586
eventful day real quality timenow making dinner amelia maybe movie even knows,0,1,0.26122764
going watch wlexany mama,0,1,0.058916967
thank mention,0,1,0.21877177
movies saw drag hell pretty good,0,2,0.9566683
said also tried okcupid like one pof free sites,0,1,-0.23483396
iras show mitchel suertee fun,4,2,0.62973934
two things love like possible actually love right 1 hair 2rewatching socalled life,0,2,0.91288424
whatever look like outside youre lovely inside,0,2,0.86441886
raining raining oooh baby raining raining,0,1,-0.036321014
omg havent tweeted forever everyone,0,1,-0.28411445
watching thx lot,0,1,0.29917875
u searches u get pts u exchange prizes got 15 amazon far ad bout get 5,0,1,0.04642027
follow friday yall ohhhh yea,0,1,0.12288584
thank much following us one first couple followers support incredibly appreciated,0,2,0.9854358
going sleep tomorrow studying arggg worth 0,0,0,-0.4843134
downtown amazing,0,2,0.9037942
shahhht ahhhhp,0,1,0.022216082
ive got 20 minutes exciteeedddd work 7am tomorrow woot woot gtmy polyamorous friendlt,0,2,0.9620436
patrick trying straighten leaning tower pisa,0,1,-0.0012906417
wait put aahhaha sorry kevin cute piece furniture lt3,0,1,0.21828613
made version nothing personal bracelet make worthy one,0,1,0.11060264
amazing wore shirts thanks much,0,2,0.9716471
let everyone beliefs laws cater one belief soap box,0,1,-0.24570316
thats truly excellent,0,2,0.95879453
good night ily lovelys,0,2,0.969968
watching made honor baby sitting baby girl,0,2,0.7071483
already silly,0,0,-0.53344434
likes show ghost huntertaps believe stuff sugrnspyce4 said june 5 2009 1037,0,1,-0.011542074
dont stop dont stop rockin beat,0,1,0.22170636
opera atampt park beer right way see tosca,0,1,0.20314437
moving house tomorrow,0,1,0.02942413
definitely lets plan something show gon na,0,1,0.4592488
seen new jb picture,0,1,0.11109348
freaking circus awesome dude loved,0,2,0.9299993
know right thats referring back 2 like ultimate line,0,1,0.038352024
im bar roy wa kind person turned dont worry im sober,4,2,0.76966804
think next solo compilation gon na pretty awesome ive recorded good stuff imo including lazy eye gtr lead 1 today,0,2,0.976698
hair relatively orange like wild curlz,0,1,0.084998585
aww thanks girl,0,2,0.9050515
watching movies lauren,0,1,0.10453226
happens lot florida well least proud cause accidents stop traffic,0,0,-0.59156996
im coooolddd cooold june 6th im cold cant wait houston,0,2,0.92958367
know cd heart watched dvd bonus havent listened 2 yetlove artsuch beautiful wonderful thang,0,2,0.9691784
figured outits full moon boy explains last days,0,1,0.076023355
get 100 followers day using add everyone train pay vip,0,1,0.34934476
im glad fun like,0,2,0.97304523
tired ready sleep make sense dont know anyone else world woo,0,1,-0.33433372
soooo met mitchel musso cool guy cutie ahhh life good,0,2,0.98661536
hey every body look im nolonger brown box im glad,0,2,0.9092075
sometimes best shots spur moment snapshots good pic indeed finish,0,2,0.8892795
promise one days soon u make movie,0,1,0.26458836
proud well done sir,0,2,0.96778107
technically first college yearcause im sophomore,0,1,0.040814318
tonic vodka ahh love cruz,0,2,0.98063505
startup family kim tight bright full light genius,0,2,0.74902856
got back coffee sian good times,0,2,0.7165426
every person know minus meeeee couldnt go either see together,0,0,-0.5753842
dislike oneway communication dont follow many people talk everyone follows andor talks,0,0,-0.56825286
sittin car twittering hmm cant see trends twitterific everybody talking,0,1,-0.38031653
thank sooo much though getting info,5,2,0.9384409
quotbegging begging ooh ooh oohquot dont know song called sings love,0,0,-0.47230402
trying get higher paw points pet society,0,1,0.18204296
follow sms,0,1,0.06838994
must chase boys playing ipod right joke play besttt,0,2,0.6592264
get 100 followers day using add everyone train pay vip,0,1,0.34934476
oh cool thatll sweet get job,0,2,0.96687967
planning sf trip tomorrow,0,1,0.09208123
thank much shout youre awesome,0,2,0.9811586
hey nice sweater mr rodgers,0,2,0.86579484
sounds like good day,0,2,0.9389872
u listen mixs chart today slept 2,0,1,0.010799341
okay people last one htown part time lover already know rip dino sexy,5,1,0.32699305
missed lovebug,0,1,-0.32610986
come next cathat hunt,0,1,-0.060476676
never mention much,0,1,-0.23977005
gr8 saturday,0,1,0.15258834
icuthar come msn ive itching damn revenge written xd miss talking,0,0,-0.73437154
looking moon kind cool,0,2,0.95238036
yes house music 3am pickle,0,1,0.15816987
like freddie cute,0,2,0.77682763
oh poor tori get back,0,0,-0.49940336
ok pumpkin butter say texas totally thinkin gt,0,1,0.17728226
1st time 4 bfast,0,1,0.083416805
listening garys,0,1,0.06061324
cats perfect alarm clocks,0,1,0.25972086
good morning,0,2,0.76207113
oh found hidden among black wires table,7,1,-0.15937862
looks like songs featured independent film cool huh well keep loop,0,2,0.94432163
ever envious point steves book say needs turned movie please,0,1,0.09330562
thanks advance,0,2,0.7552119
eeeek good luck zeena youll rock itttt jb inspirational lyric donttt forgetttt toooo takeeee breathhhhh,0,2,0.9871561
okay away shower ill show guys new doo im home,0,1,0.22406355
dobr rno gameplayem e3 mise buzzsaw r,0,1,-0.014967028
oh yeah used cheap 12mp 10000 pocket camera take,0,1,0.27511662
hey twitter first time ive able get today,0,1,0.29065585
yep repeatquote someones tweet,0,1,-0.045953296
catches mouth yummm nom nom nom,0,2,0.6520233
drivin valley easy 3am,0,1,0.1295484
draw face eyeliner hahaha,0,1,0.2017545
ive got sausage egg sandwiches breakfast yay,0,2,0.92366654
good joined twitter sending many authors createspace,0,2,0.8718388
ohhh thanks tip ive got kilo try method next batch,0,2,0.77111524
think supposed reminding follow,0,1,-0.07055515
good nights sleep,0,2,0.48250306
darwin mitsubishi pajero 4x4 dohc 24 v6 3500 1997 7999 new ad received posted hcc site soon,0,1,0.06810009
oh dont stressed,0,1,-0.07509756
learned awkward turtle um hard explain,0,0,-0.52977425
may seemits foc,0,1,-0.0031719208
wont even go pool part thoughbut hey cableyay quotbut im cheerleaderquot,0,1,0.31712458
nothing special,0,1,-0.12639806
thaaankyou looks though,0,1,0.23624101
ok time write advertising blurb mehmmm,0,1,-0.033874355
yes thank refreshing memory,0,2,0.9145196
love soon,0,2,0.70786756
texted movie,0,1,0.010543615
hey girl causing little internet rawkus hows nightday going,1,1,-0.18187618
beach yesterday friends 4 years havent fun waves great,0,2,0.28814805
hi wan na know email pictures please give emai,0,1,-0.012370408
right meet richard hammond,0,1,0.080735885
please elaborate meant explanation statement hmm moving major yays,0,1,-0.013612874
looking furniture james xx,0,2,0.5147635
think pizza end,0,1,-0.22805405
blessed day praying guys,0,2,0.94443405
anybody love hills used think boring im quite big fan dunnoi like looks like real life,0,1,0.15921877
better remember today monday tuesday,0,1,0.43658495
check cinema bizarre melbourne vic eventfulcom,0,1,0.00050635636
im sorry morning sending twitter hug x,0,1,0.08594431
first tweet lets see tweeter works,0,1,0.19370897
usually unless sets 530,0,1,-0.10481259
watching futurama,0,1,0.0875828
dont get twitter alleveryone talks greatbut dont see greatness,0,0,-0.511235
really smiles doin bby lt3,0,2,0.84007245
got reply saturdays myspace eep think wasnt whos written,0,1,-0.21028765
u get loaded,0,1,-0.15262412
even quicker iya back,0,1,0.45457834
yay happiness,0,2,0.9537465
cant wait till see denmark european tour soon xx,0,2,0.9727859
thanks follow friday tweet,0,2,0.57744175
ove rolling stones shirt mitchell mussos concert,0,2,0.72268546
oh wow nakakaiyak pala yung hes,0,1,0.28129914
sleep wake good things,0,2,0.74916404
woa long time twitter got flue hell say english nothing special happenend move along,0,0,-0.5765319
love guitar best definitely something different something proud amazing,5,2,0.9724398
highly recommends join earn money free shareholder dividends even nothing,0,2,0.51695365
personally red rock deli chips rip pay think might try flavour tomorrow,0,1,0.098735176
awwe thank lovely comment im fine,0,2,0.96579266
first one awakewaiting lay beach,0,1,0.19902784
case may interest,0,1,0.284536
getting sims 3,0,1,0.20453717
got back dancing presentation ok watching scrubs,0,2,0.74827296
buahaha hilarious man miss zac much,0,2,0.45632264
heres handsome guy,0,2,0.9208559
one thanks drumsticks paris hace nice day,0,2,0.94744134
oooh take pictures wan na see,0,1,0.109619245
im dinner,0,1,0.021473438
let us go,0,1,0.031864196
filling whole page tweets log jk girly,0,1,-0.009621367
bother another question might 24 irish people crazy enough vote ff one couldnt answer,0,0,-0.54239833
anyone went shopping,0,1,0.0026666522
watching hsm3 kids,0,1,0.05520632
make money girl morning btw,0,1,0.33307028
blackadder itc see ok ill try,0,1,0.34315723
tell think im thinking buying,9,1,-0.10102559
good morning,0,2,0.76207113
thank daosin im glad enjoy quotfacesquot ill keep everyone updated music fun weekend k,0,2,0.9848233
tonight dont worry anymore get rowdy,0,1,0.30345562
cant believe im early saturday via good morning,0,2,0.5968901
goooooood morning,0,2,0.8991755
going home dropping jeanine bestfriend annabelle,0,1,0.0766505
sure willhave vodka relentless guess wont sleeping 2nite,0,1,0.24273577
log onto demand john mayer newcastle ive already demanded hmm,0,1,0.054267496
flange huh remember ever make way love work,0,1,0.09872545
got lenovo lappy idea dont feel extra happiness thingy within,4,1,-0.20402658
thats nice,0,2,0.9462426
hey hows sort uni work,0,1,-0.04643978
ok updated new dose fun,0,2,0.83633965
lche pas patate belle cheering,0,1,0.23452987
aww youre welcome,0,2,0.95958346
k fest 2moro cant wait 2 c 3oh3 oh nd get free ice cream friendlys 2day,0,2,0.9731137
makes heart smile real big,0,2,0.974162
derpy smile honor feel classics one hateyetnothate art,0,1,-0.037970945
anyone audio last nights show big reward,0,2,0.5489371
happy brother sisterinlaw right keeping fingers toes crossed,0,2,0.81436974
hurrah picked good day perfect day staying pub,0,2,0.90920836
thanks bb,0,2,0.66452926
know kevinspacey like sending tons messages,0,1,0.013922021
never never friend,0,1,-0.34821773
good morning,0,2,0.76207113
arms legs thighs ankles feet legs sore yesterday today thats whole point,0,1,-0.12926348
woken home bible sellers dont need bible 10 saturday need beer,5,1,-0.19388059
put lead,0,1,0.14275417
good morning everyone,0,2,0.851604
dress shopping,0,1,-0.089135274
yes youre right jobros come pretty close david ahhhmazing hes way talented,0,2,0.9644942
ill cup coffee soon find another bottle open sing something happier,0,2,0.8336464
yeah absolutely xx,0,2,0.71490765
ok nah showing hkg drama lappy,0,1,-0.2540802
feels summeriee,0,2,0.76484245
lolololol love guys make laugh im pretty much low get love,0,2,0.90714824
back street began,0,1,-0.04959421
smartand fashionable,0,1,0.45306954
eww twitter looks depressing happy time eating breakfast ooober hungry ice cream shall b eggs,0,0,-0.5151398
gon na good day,0,2,0.91916746
good morning beautiful tweeties everyone morning diy day,0,2,0.9683396
made twitter yeah l,0,1,-0.018456906
pub visit guinness nice music evening boxing telly,0,2,0.8230544
apparently hardware doesnt suck vaccuum cleaner id like donate bit c4 treatment,0,1,-0.0026527643
things good trying get lovebettercampcom running hotwings oven,0,2,0.95735264
meaning behind deviant art,0,1,-0.28729358
errrrr explain,0,1,-0.23319381
dinner wonderin,0,1,0.07493303
sorry voting earlieri still bed,0,1,-0.3630603
breakfast favorite meal time cereal,0,1,0.4673686
brunch aunts going uncles grave lakeee,0,1,-0.022745699
love btw soo cutee pretty lt3,0,2,0.98895603
returning london consulate vote media dictator home beautiful day today,9,2,0.83777755
oh kinks,0,1,-0.13792837
maybe start following,0,1,0.15213229
id cuz swim bar dammit words didnt get beer disgruntled good times tanners,0,0,-0.43189934
getting creative better get designing im feeling chipper,0,2,0.9047718
goin pool,0,1,0.16968533
boas tardinhas,0,1,-0.08420271
meant say saturday blondie moment bringing fresh cinnamon rolls flat local strawberries home kiddos,0,1,0.3795271
okay helped make decision two see hangover today,7,1,0.2712599
yeah really fit going try beer slugs,0,2,0.49423853
unless rob hott guy dont bother,0,1,-0.33791775
really well thank slept till 430 morning new record,0,2,0.8683158
true live lifetime weekend still make back work monday im going atlantis,0,1,0.4124604
yeah im talking really maybe,0,1,0.015543103
pray trying remain positive,0,2,0.6980256
today sad day thank goodness ious,0,2,0.37149835
u know whats popping tonite,8,1,0.07387638
sigh love wifey shes sweetest thing ever jus made breakfast bed jus,3,2,0.9774977
going mall w family boyf shop shop shop yaaaaiiii,0,1,0.19212137
put cinnamon,0,1,0.04794459
oh dont worryi dont,0,1,0.17614111
good morning tweets got sleep today,0,2,0.7790892
hail thee keeper maker dreams havent checked see ht party went slept,0,1,-0.19497736
havent seen broadway id like see wicked hear nothing good things,0,0,-0.59162825
kidding saturday thats im leaving work,0,1,0.19824925
fair hug happy birthday though,0,2,0.9113482
heyy corbor would mind asking uncle brian question,0,1,0.0051338375
k called niiiiiiiiice,0,1,0.01411476
mon charnel,0,1,-0.02273035
welchs strawberry fruit snacks,0,1,0.13510394
totally summer mood right,0,2,0.58935434
im followin lil sis got twitter,0,1,0.10356209
things need 2 liven,0,1,-0.1251039
hobo floor mikey,0,1,0.0011852384
yeah looks great u wont play like ps3 xbox take plazma better home use,0,2,0.8679474
guess good mine u find u need tell,0,2,0.56952906
making salad house doors open blinds love,0,2,0.587761
guess sure im going may wander friends house later,0,1,0.29318523
happy birthday hope breakfast brunch burritos astounding sounded,0,2,0.9758154
trinken bei maddin party,0,1,0.11168782
mistake thats secret message real torchwood,0,1,-0.21648255
good point love brushing teeth shower though,0,2,0.92658275
watched crossroads def leppard taylor swiftthey awesome catch get chance,0,2,0.94742954
awesome want help ive told ppl around work collecting drop concert,0,2,0.53949624
watching quotwar worldsquot,0,1,-0.021477394
ooohhwhat fell floor couldnt take anymorethis might become lyrics session,0,0,-0.5948274
watching movies,0,1,0.08801083
decided watch night museum made good decision cuz hilarious three cherubs cute,0,2,0.9717982
sayive got youre number know roll diet come lmao,0,1,0.16540313
jake left taco bell,0,1,-0.00987355
talking robsten mom sister,0,1,-0.04921671
setting people,0,1,-0.35512918
cute words 3 3,0,2,0.91917866
cute babies mccarren today,0,2,0.9689052
im home,0,1,0.21619263
really beatmore modern american either way wish done college would fun,2,2,0.72196865
needs wife,0,1,-0.09285906
ihearttalpa jocotes,0,1,0.023856327
apple playing macbook pros,0,1,0.18157902
gon na cook cookies,0,1,0.06662455
yep one sartres famous quotes 1938 novel nausea smart man jeanpaul,0,1,0.42850393
im screen shooting pets hats getting go go need grab diva chat,0,1,-0.03924469
take fam see,0,1,-0.06288838
get 100 followers day using add everyone train pay vip,0,1,0.34934476
french fry tweet,0,1,-0.14828247
cookie puss havethe cookie puss hair blue repeat hair blue,0,1,0.048949692
goood moood,0,2,0.6215447
get 100 followers day using add everyone train pay vip,0,1,0.34934476
wine buzz darts wellcant say ive never done fun,0,1,-0.03372495
going ikea,8,1,0.046346016
get 100 followers day using add everyone train pay vip,0,1,0.34934476
im diggin sonics new bright yellow shirts,0,2,0.9093513
chillin ellie p six flags monday class 14 swaggatistic,0,1,-0.04395944
yeah got quite bit need bits evening like jewellery oh need bag,8,1,-0.004267961
get 100 followers day using add everyone train pay vip,0,1,0.34934476
cash twitters normandy,0,1,-0.051949017
silver fareham open class pistol shooting comp,0,1,-0.038714062
clip bluietooth device built microphone also 35mm socket headphones,0,1,0.11696364
washe said itlook aftermaths site,0,1,-0.099531695
cellphone charms pix plz,0,1,0.3052559
oh sounds yummy want one 2,0,2,0.95759284
pic cute,0,2,0.88074183
get 100 followers day using add everyone train pay vip,0,1,0.34934476
new treasury featuring etsians leicestershire talented bunch,0,2,0.8219027
thank much hospitality appreciate,0,2,0.97124726
im go today,0,1,0.08618526
hey im willing learn affiliate marketing already love social media love colorado send resume,0,2,0.97241586
love new pic,0,2,0.9819059
great granddad fought ww1 france war great granddad may known granddad,0,2,0.48663497
would easy snap im going,0,1,0.45351943
crying laughing bloke bbc handle suitcase toblerone anyone,0,1,-0.27370092
found darren youre cute,0,2,0.9618245
get phelps,0,1,0.059740543
coconut yummy,0,2,0.81768036
sick bring cookies,0,1,-0.39352322
pretty much bet shes fine,0,2,0.6157755
see walk front door,0,1,0.008041263
yes first definitely last creme variant plain original one,0,1,0.4150231
help stop cursin ampamp ill see u summerfest 13th,0,1,0.13643196
showaaa come laterrrrzzzzzzzzzz lt3,0,1,0.34799826
gon na plant flowers,6,1,0.37626266
lt3 blue bin move,0,1,0.017760418
meet n greet right love yalls hugs via lt get hugs side pond,0,2,0.94555575
beers theres grill everything,0,1,0.17502943
enjoy b,0,2,0.88215566
im fan thats ben folds song ive ever heard call fan,0,1,0.11326345
thats cool,0,2,0.94480824
hahaha slap,0,2,0.38918456
got done eating gooood food yum,0,2,0.9665152
twitters hatched back yard,0,1,0.022512496
hows hangin 8 hahaha,0,1,0.27430645
believe smokedglitteredcateyes,0,1,0.1711811
win one x,0,1,0.36686456
gooood morning,0,2,0.74650663
oh undeniably,0,1,-0.10616332
feet hurt im going meijer bbl,0,0,-0.7332668
wish virtual memory myspace page please sir,0,1,0.11725107
5 oclockguess time drink,0,1,0.066279754
yes course get choose,0,1,0.21644595
right bed calling nite,0,1,0.06409173
never knew dragonflies atebut know think better wondering,0,1,-0.16686483
actually tweet twitter work,0,1,0.14866576
let know want,0,1,-0.00072556734
lolgoshu right,0,1,0.11047576
get tattoo newport beach cali eat crab cooker beautiful day n work luv,0,2,0.9213577
definitely root cubbies,0,1,0.19577226
get bored party yet,0,0,-0.40149465
kay win im ready go homeeeeeeeee actually ill visiting go home maybe,0,2,0.85577697
love headbands monday go buy,0,2,0.9646415
tweeps ima get sum sleep awesome nite peace love,0,2,0.9245478
mines 803 party 803,0,1,0.02560708
got ipod touch,0,1,0.34205222
birthday party hubby looking forward seeing charming little assistant,1,2,0.98596114
either im right site person loco,0,1,0.010199688
im glad hear well heres improvements shortterm good sleep,0,2,0.96597195
beginning sermon series leviticus tomorrow yep thats right leviticus,1,1,0.21748826
left nephews bday party way temeculas wine festival hook friends care join us,0,2,0.5589477
brings back memories,0,2,0.5827091
girlfriend amazinggg makes errrthing better becca jean lewis iloveyou,0,2,0.98742175
bean encounters tonite thank shot week,0,1,0.35907704
wow tonight gon na one hell night fuck bring,0,0,-0.8938964
know hard pimp,0,1,-0.15173696
wthwas wonder funny silly,0,1,0.2735614
car died 2 years ago never bought another one walk bike ride everywhere best thing 2 happen 2,0,1,0.2371405
im bored gon na paint nails watch driving lessons bed,0,0,-0.6681442
tons newspaper want bring,0,1,-0.07142774
roasting marshmellows,0,1,0.066310726
girl r u doin hahaha floodin twitter dude work day hell whatchu doin tonight,0,1,-0.15082762
thanks kekeke,0,1,0.3402076
bought kites new pole,0,1,0.09130657
gon na eat blueberry muffin,0,1,0.088404216
root chakra tonite w jeremiah ravi saqi meadowmorphosis etc,0,1,0.00034307688
soon get hands scanner least 3 people prepared go backway back 1998 quite year,2,1,0.038909048
many puppies walked along boardwalk cousin ian must pet one hes 23,5,2,0.6057898
god watching,0,1,0.16404034
making present,0,1,0.30300596
woot woot knock em dead david,0,1,-0.20732976
spent day nothing felt great mama brought pollo loco im full take nap im lazy,0,0,-0.7164136
hmmmmwhat doingim singing awesome song ima go see movie calledterminator salvation oh yea bitch xd,0,2,0.9563155
natural myselfcant tell pic though love natural,0,2,0.50751716
eating houstons yummy prom hopefully get see someone tonight,0,2,0.9695453
jenn wanted say think youre beautiful ugh seriously love lt3,0,2,0.97857904
oh love pink lemonade,0,2,0.9807791
night alive feelings know,0,1,0.0961133
alright thengetcha drunk ass overr hurr,0,0,-0.76828474
hangover one funniest effin movies ever seen bradley cooper hot,0,2,0.907089
im feelin better,0,2,0.87715757
hello first place welcome boston babyy lt3,0,2,0.8981586
hey adrienne hope u ur sis quality time yesterday reading signed copy quotbreakthroughquot asap,0,2,0.5292776
cute pic,0,2,0.96160746
445am im bed,0,1,0.0047084093
amazing time best friend tonight really truley see best friends everytime hang outlt3,0,2,0.9841672
ready get partay,0,1,0.053230315
cool evening white wine homemade cheesy potatoes hbo clean laundry mmmmmparadiseor least better monday thru friday,0,2,0.9706092
good morning im early sunday today ill probably stay home twitter hehehe,0,2,0.86628747
came home nice cook type party mad funnn nick minee,0,2,0.93328196
im enjoying collecting demo versions songs brandys album,0,2,0.9285049
home work drinking coffee,0,1,-0.034318328
best soundtrack freakshows,0,2,0.6448336
got done shopping andrew dinner stuff cleaned house day movie night best friends girl,0,2,0.88106775
amazing day seaworld bbq house,0,2,0.951739
making good things come together behind scenes feels good ill share one day pans course,0,2,0.96764714
im lucky great friend would drive 7 hours way watch raceawesome thanks guys,0,2,0.97538865
funny sookie laughed bill gave best look curled toes hes smexy,0,2,0.9206636
trying later also bobby toon come visit us,0,1,0.4009931
like thinking,0,1,-0.024009675
hee hee finally got chance see episode quotwaking deadquot bro,9,2,0.4913442
making popcorn,0,1,0.028845131
youve cracked code may get games strategy though keep changing,0,1,0.29085082
nice like girls pretty toes nails,0,2,0.7655225
wondering heck get twitter neverrr use bout use often im guitar txt,0,1,-0.3059427
craziness hopefully make go club junkies like 1st semester good thimesssss,0,2,0.6511265
hahai needed mani,0,1,0.056271397
hi shannon movies unrelated raw actually please go info films,0,1,0.10597193
hehe blame away new wip ftw,0,1,0.1587872
best time danas birthday party,0,2,0.8771539
homeexhaustedriding bus tomorrowso better go read bible go bed,0,1,0.19910012
oh see yup turn nukka ready go ghetto orange county x santaana babiiiiiii,0,1,0.16559756
dinner rooftop garden view sun setting mexico city also sushi drinks nice,0,2,0.9477583
lt3 icons especially bulleto lt3lt3,0,1,0.13153318
goodnight good get tweet,0,2,0.6617051
sounds lovely hope rest weekend really great one spoiled little,0,2,0.9863254
video longer available,0,1,-0.094696775
glass wine might help,0,2,0.55246145
charlie chan calzone potato halves 4seasons frm yellow cab lumpia salmon belly strips,0,1,0.024244523
whew crazy day tomorrow fun relaxing reservoir,7,2,0.9411917
last night dreamed meet hope gon na true please come indonesia please,3,2,0.8614706
yeah like 2 3 quarters go story bit long twitter facebook details,0,1,0.0024149045
home fun night great friends known whole life good times,0,2,0.9723181
thank tuna cake bit catnip top yummy,0,2,0.9361798
hello friends hope woderful weekend,0,2,0.9376329
best friend r ready tonight uhuuuuuuuu hopefully something good happen,0,2,0.9795148
hahahaha choc fountain bj gave doesnt know ileft house bring ova,0,1,-0.22245328
amazingly fun time love guys,0,2,0.9868045
ive thinking mayb go sleep soon,0,1,0.03663029
going see bill bailey august,0,1,0.15601192
wut u tryna say every1 shud happy get shower,0,1,0.031371735
haaaa goes list best things youve ever said thanks mike,0,2,0.9762614
heeeeeeeey youre still good hear im wellstill jobhunting though,0,2,0.9321304
rodchenko inspired web design shouts quotrevolutionquot,0,1,0.17326102
like eats keats better like keats totally lapped ate say joke,0,1,0.24396208
watching brother lmao looove movie,0,2,0.97644305
im gon na give candy,0,1,0.08240409
got sims 3 yet rocks,0,1,0.3565353
welcome back iowa,0,2,0.8216771
sleep soon,0,1,0.15558541
hangover popular work crazy fun love free movies,0,2,0.9642035
geezus okay thats funny ill mind business ill sleeping corner need,0,2,0.68516237
sweet ill tweet head hopefully youre recovered,0,2,0.7376146
im watching csi baby,0,1,0.16244477
intend live forever far good,0,2,0.8970546
thanks following,0,2,0.72531646
bun venit pe twitter,0,1,-0.10102162
saw hangover funniest movie seen awhile highly recommened,0,2,0.95478225
get 100 followers day using add everyone train pay vip,0,1,0.34934476
rank yeah guys got pwnd,0,1,0.22856669
heavy rain bedok south subsided sun slowly coming play,0,1,0.12362262
hands love,0,2,0.5129696
talk get back k hugs pedder red beams,0,1,0.10711
thanks encouragement,0,2,0.8285848
sorry least netbook cheaper route also take ur netbook apple store use wifi,0,1,0.35275874
proud wrote referenced 1st song 4 actual artist 1st quotprayfullyquot many thanks god,0,2,0.88079107
wow found brennans messages saved word document theyre sweet love much,6,2,0.9851752
hes dope,0,2,0.4704539
tabor goes heavens looks interesting turkish gambit lots russian movies explore,0,2,0.8891177
early cheerios still sleepy time,0,1,0.2994871
god nothing shall impossible luke 137 one everybody know,0,1,0.37572938
get 100 followers day using add everyone train pay vip,0,1,0.34934476
bro gettn freak hehe,0,1,0.009010613
sounds like fun wonderful day,0,2,0.971794
yay got pt scholar,0,1,0.3574234
get 100 followers day using add everyone train pay vip,0,1,0.34934476
statin facts,0,1,-0.082619116
get 100 followers day using add everyone train pay vip,0,1,0.34934476
cant sleepback work,0,0,-0.8338457
heck yes lt333,0,2,0.6061178
good night wookie retiring evening yyaaaa sstttrreeeeetttccchhhhh,0,2,0.9310604
wooo hooooo golden tequila rocks n amrutanjal,0,2,0.8762649
get 100 followers day using add everyone train pay vip,0,1,0.34934476
shes vacation,0,1,0.05362135
pierced tongue wonder whats next,0,1,-0.10255765
safe dont know would without major,0,1,-0.18088266
thanks following supporting jb tell jonas friends follow us,5,2,0.8603584
give good rub towel quick back scratching brush followed doggy treat biscuits,0,2,0.7816372
love swine like lt3,0,2,0.8712148
mmm roast pork yummmyy,0,2,0.8488607
going chingford 2 c auntie get jeggins,0,1,0.0439036
making tacos,0,1,0.090651475
hahadont worry one xx,0,2,0.67971164
day 62 nearly 9 weeks truly didnt think would get far without relapse another 45 years go,0,0,-0.67206794
excited finally sunday im going sams birthday tuesday yayayayayayay,0,2,0.9896372
ahem twitter alwys gets busy saturday nights,0,1,-0.008655757
last nights gig awesome rock,0,2,0.97139025
4 shows speaking engagements next 3 days busy busy busy south bend clio warren come,0,1,0.17306477
go vote tweets threadless could win 500 share,0,1,0.4138423
id lying said,0,0,-0.6176679
love pinball wizard decided oops meant going bed ay hehe cheeky nighty night,0,2,0.88918567
thanks everyone suggestions keep asis time consider using staff cpd academy,0,2,0.59397733
congrats dude pints order,0,2,0.9411504
seen tree bark left got scratch next time see tree dead ahahhahah,0,1,-0.36464906
hey everyone looking great people follow follow since awesome follow,0,2,0.978845
first day school june 8 09 thats tomorrow man sucks everything especially summer thanks memories though,0,0,-0.9200567
idk sounds good tho movies,0,2,0.6896405
hey girl doin big things got respect yous dime,0,2,0.7945065
unlike serial offender,0,0,-0.89938146
think burritos win,0,1,0.39648002
youre welcome rosamunde pilchers book quotvejen hjemquot also quite good really sweet,0,2,0.9869593
well ill go cook byebye,0,1,-0.10134118
packing bags tomorrow,0,1,0.044810534
didnt take production editor enough experience asked start ed assistant liked,0,0,-0.669951
love church,0,2,0.9591844
landed home last cant wait get back bed,0,2,0.8757774
want guitar like taylor swifts,0,1,0.086057745
know fuckin love julz find bitch greater real shit every othr female weak fuck,7,0,-0.93835413
im eating tums yes basically healthy bananaflavored chalk,0,2,0.4951587
hey windaa,0,1,0.060359284
100 posts,0,1,0.069109954
crusha raspberry milkshake best drink world,0,2,0.9244731
heading bowness dinner,0,1,-0.20150375
highly recommends join earn money free shareholder dividends even nothing,0,2,0.51695365
good morning,0,2,0.76207113
hope everything going well havent talked,0,2,0.74227345
gordon ramsey idiot,0,0,-0.8582055
man pretty implosion would,0,1,-0.40418684
hills eastern kentucky volunteer week wont able check retweets tweet phone,0,0,-0.557906
say prayer people whole family origin lives italy enjoy try order tiramisu fun,0,2,0.87705576
song everyones head thanks lot great trip safe tell guys hi stuff looks great,0,2,0.98121196
really winter best time year,0,2,0.87749285
exactly sinem exactly,0,1,-0.087330915
tom watching grand prix sunday times cinnamon whirl lap green tea cooling gently bliss,0,2,0.54908353
naha ago,0,1,-0.017338514
dang thats shame,0,0,-0.9233966
going eat breakfast julia,0,1,0.010631952
nice know someone elses sleeping pattern bad mine,0,0,-0.5438948
see later xx,0,1,0.30016935
essay limit 2000 words count 1999,4,1,-0.13854966
nator really cool showers,0,2,0.963773
good time birthday party tonight thanks everyone,0,2,0.98781335
thaanks following,0,1,0.2644752
ahh love vicar dibley,0,2,0.958958
daddy bought kfc back,0,1,-0.016121797
many choose one time favourites quotyou beautifulquot joe cocker,0,2,0.83770496
u know u love,0,2,0.41478914
awww thanks,0,2,0.60372335
time year sun wakes loudly early reminds eager child ready start daybright cheerful relentless,0,2,0.8877033
thank youu,0,2,0.826321
keep mind,0,1,0.04031971
highly recommends join earn money free shareholder dividends even nothing,0,2,0.51695365
quotonly learned power sincere selfless contribution experience lifes deepest joy true fulfillmentquot tony robbins,0,2,0.80235904
pebbles afraid thunder lightning morning aint years wow new pictures coming soon,0,2,0.6737566
left hand talked right hand better world would better place,0,2,0.564556
wearing sydney tech jumper,0,1,-0.0024381205
another long w fat hoes,0,0,-0.8436481
omg mejoeyseyeon jessica watching metro station together gon na much fun,0,2,0.9287313
good mixed reviews papers interesting pictures todays paper though,0,2,0.92090535
wait sims 3 new shoes,0,1,0.07850669
proudest moment getting hooked bones,0,2,0.9726171
first beer prize need address,0,1,-0.046900555
thanks accepting iti wan na make blog,0,1,0.22980043
nah thats one meant,0,1,-0.086265475
everybody looked feet last night yeezys stayed home guys,0,1,0.06919659
cool ms richards enjoy day,0,2,0.9739572
blushes awww feel bit fluffy towards,0,2,0.8861031
true enough though dont push luck far work,0,1,0.12003628
way back home catch f1 record barbecue banana beer,0,1,0.15204275
nothing domingo,0,1,-0.13584578
listening fray,0,1,0.024269745
moms bday,0,1,0.17890668
oh poor birdies actually theyre prob happymeans worms,0,1,0.032859594
tonight im celebrating love,0,2,0.96320283
quotfrooooooot nom nom nom nummyquot little girl sure love fruit,0,2,0.96301216
tumblr fun writers block dont post much claudyraztumblrcom follow imma follow,0,1,0.3238403
ive moved school beforeits bad really,0,0,-0.7955511
youre wonderful hope feeling never ends morning good early fam sleeping hungry,0,2,0.98027384
tired going shower bed night oh cool phils yay,0,2,0.73314774
glad guys ok well done heroes,0,2,0.9446415
thats good thing lt3,0,2,0.9561954
im wondering winter really take motorcycle shed im starting get itch ride,2,1,-0.16018221
dont know yet,0,1,-0.181335
morning beautiful lmfao,0,2,0.96109015
play guitar coolness,4,2,0.59846073
morning sir,0,1,0.24979308
could really lazy sunday afternoon nap perhaps waking smell nice roast dinner cooking,0,2,0.8802207
go work best night last night,0,2,0.9079666
going see quotupquot today,0,1,0.110468216
waiting go fair listening miley album,0,1,0.3703721
hi miley song quotbefore stormquot incredible love congratulations,0,2,0.9689459
well im glad youre sis persuaded otherwise welcome aboard,0,2,0.9632027
im well bored aint ages,7,0,-0.63673013
hardly ever get say,0,1,-0.3703416
prefer purple especially combined golden two colours look awesome together,0,2,0.9807439
baking morning headin mielekis cookout excited see everyone,0,2,0.9675443
hey hows going follow twitter,0,1,0.20632257
think quothow many times ridden earth around sunquot getting older honor like ridden,0,1,0.043508038
finishing amaziing raisin bread,0,1,0.046061914
also watchin weeeeeeds,0,1,0.20895535
listening 2 capital fm summertime ball playing psp,0,1,0.06519082
playing helium gas filled baloons,0,1,-0.30006275
ive used skitch let try 5,0,1,-0.0117623955
blue skies bright sunny still wish david luck mee,0,2,0.94550014
good day people pop bed looking news,0,2,0.92536646
back shop ppv munch tonight feel shattered nice chilled sunday order,0,2,0.90860504
def kind gardening reclining couch whilst organising activity peoples arms legs,0,1,0.022285778
mampds think soooo,0,1,0.031159014
copy casual content problem need something colour php cramming,0,1,-0.20365277
got job offer thank god,0,2,0.91260576
cool talk woody roadie hangin helping us set viva vida tour,0,2,0.7460787
mixed feelings ok time stop thinking go sleep,0,1,-0.017798007
loved movie want watch fun today,0,2,0.98304003
right need potter chores tings everybody relax dont let bastards wind slater xx,0,1,-0.26388192
yay deal century twitter,0,1,0.44795206
aww cool bet excited em got preference xx,0,2,0.9689637
far good,0,2,0.90378183
wifey still asleep,0,1,-0.2029788
quotbohica2k book monthjunequot fresh post check nose buried,3,1,-0.0023094192
got church ready eat fried chicken,0,1,-0.23524399
invites everyone watch first ever mall gig see market market 730pm saturday june 13 god bless,0,2,0.9222073
awesome pic misleading bigger irl going tanning laying eggs,0,2,0.7696677
get 100 followers day using add everyone train pay vip,0,1,0.34934476
yeah 10 away underdogs support kenya,0,1,-0.16333199
bubble house,0,1,0.07673
mommy jst want good habit,0,2,0.46749842
im hurting really lovely seeing last night great time,0,2,0.90291655
thanks ur text message went friends house get shower instead,1,1,-0.035332575
drinking coffee lt3 dunkin dounuts,0,1,0.08538543
ur nice friend u know ur gon na jealous cause im gon na get iphone lt3lt3lt33lt3 lt3,0,1,0.3150969
hahah spiderman costume fruit snacks,0,1,0.34277454
happen sometimes takes time,0,1,-0.12559178
best friend tonight shall amazing,0,2,0.9770574
completely choked,0,0,-0.6859678
going see,0,1,0.012142092
oh gosh love boybands jason myspace got aj chris todd course,0,2,0.96053797
used yet come home sponsor wifi,0,1,-0.11025077
way kroger pool waiting tea mcdon,0,1,0.040964015
u become awesome,0,2,0.918274
sushitime cant go wrong,0,1,-0.18387328
welcome borg,0,2,0.6958441
cant wait get sims 3 kenny buying birthday 4 days,0,2,0.9021267
want lunch maybe pancakes,0,1,0.3371706
cats dogs ftw dogs soooo cute,0,2,0.97877884
making pot tea,0,1,0.11197327
ur funny mr hottie way ethan probably went back sleep,0,1,-0.022484288
hey welcome back,0,2,0.91442716
looking forward reggae wednesdays churchills resuming june 17th cover whether square,0,2,0.87787944
homeward bound,0,1,-0.04761453
know already looking online see im,0,1,0.022640891
would loved drunk cake afterwards though,0,2,0.8742609
finished designing crochet baby bagblanket set setting elderly crochet wonder could job,0,1,0.13688757
band practice see later,0,1,0.08260445
secret mission sshh dont tell kids,0,1,-0.43684977
excited new website coming soon ill let know soon ready,0,2,0.9849653
love tshirts thanks fab,0,2,0.9836072
hah wish luxury,0,1,0.39909732
whuddddup twittttter,0,1,-0.22685692
hills missing house local pub quiz team name norfolk n chance,0,1,-0.05185358
red always worked,0,2,0.43171117
guys amazing love music,0,2,0.98473316
im going really english talk weather absolutely pissing like like,0,0,-0.9030957
aint talkin walkin copped tickets wheres lets go guys,0,1,0.23275265
watchin film,0,1,0.08976512
18 todaythanks everyooonneee love guys,0,2,0.9858555
spa day w madre texas t2 days wakeup,0,1,0.07754027
hello mark quite like name tweetstyle carolyn,5,2,0.52366036
almost time get extreeeeeme wants come chicken wings pizza ppv big screen,0,1,0.43116373
quick showerfeel refreshed,0,2,0.83194685
yes thank u,0,2,0.9208323
hide suitcase,0,1,-0.13656452
quite cool easy visit info,0,2,0.9425282
nooo listen jazel jaazeel got thtt xd iluusm,0,1,-0.09520632
know thanks james,0,2,0.5145399
thats photo win violet guitar signed take rock pic best,0,2,0.8418485
agree sort self end dress yet im going mom friday look,0,1,0.027227994
mama mia go resist mama mia show much ive missed,0,0,-0.5557878
heyy hows,0,1,0.103906155
say yes parking sucks food rated order pizza,0,0,-0.93874735
say drives freeway knee tweeting,5,1,-0.32380593
ive fallen love true blood thanks,0,2,0.51578355
would nice important answer question backroundsinger,0,2,0.7176136
thanking opening eyes wont left singing quotsooner laterquot ill leave behind mr right,0,1,0.07166947
explained twitter mom,0,1,-0.060452264
hes hilar,0,1,-0.014925152
im crazy new cd perfect brazil love much men,0,2,0.9807205
omg guys amazing music live best band opinion heres another person wholl buying album,0,2,0.95912033
2012 end world,8,1,-0.34193006
ahahahah yeah work one places offers tourism challenge,4,1,0.39303267
oh survive without mad ramblings intresting facts,0,1,-0.22347659
ducati sexy bikes,0,2,0.4938414
hooooray made breakfast time star wars revenge sith,0,2,0.88303953
oh man chuck yes greatest show earth love well good,0,2,0.9801671
lool nah dw trustt 10,0,1,0.11331961
4 movie jeans sure,0,1,0.12009649
fun im really tired sore rehearsal great time,1,2,0.3941867
especially hi,0,1,0.09969175
yasminas chocolates awful shes bloody good apprentice,0,2,0.31666386
oh ways hangover pretty funny,0,2,0.81067836
great night last night ate sandwich dont feel sick im go johns house little,0,2,0.95309126
tired cba sleep,0,0,-0.5773106
im going swim right back,0,1,0.17136815
long naps make happy,0,2,0.92410594
chocolate taste,0,1,0.20536286
isnt people peg leg parrot shoulder,0,1,-0.10837422
updates websitelol,3,1,0.022971354
opinion best japanese food decent price springfield,0,2,0.84381604
bits email one 10 picked thousands entries better good,0,2,0.75204945
lady asked brad got purse answered didnt hear ask funny,0,1,-0.27031845
listening bjork hell yes,0,2,0.6993182
awesome background,0,2,0.86337984
indo pras festas class 2009 love,0,1,0.17526275
goodnight twitland,0,1,0.22091147
fuck hate right yeah nine six defense also peeing posted,0,0,-0.9560808
like way wrks,0,1,0.021988533
oh thats kewl tb im watching tv,0,1,0.17731467
yea ok whole fat amercian thing bit pants walle cutie pie miss,0,1,0.015263051
truck music ice cream nostalgia,0,1,0.40632755
ooo oo drink cup bleach,0,0,-0.5117032
excited tuesday,0,2,0.9832292
im thinking burgers grill tonight,0,1,0.12970194
new iphone tomorrow cant wait,0,2,0.9824667
thats cool go jewel always loved style saw clearwater beach florida back 1996,8,2,0.97647524
woot woot gon na go movies ill uncles iphone,1,2,0.55360955
video live wait better quality though enjoy,0,2,0.79038674
im sorry dint mean hey watched palindromes today loved thanks million weird though,0,2,0.7530726
well compromised went team cullen tshirt,0,1,0.13869898
aww loved bacc mizs house bbq,0,2,0.974407
hangover movie popcorn course,0,1,-0.055970505
oh friend one referred last time talked,0,1,-0.017183095
got four good jumps today bad top speed day 175mph,0,2,0.61707133
gone im party house,0,1,0.12603554
well conference 9pm thats 5 try best keep u informed hehe,0,2,0.5912966
ure amazing brazil expensive love,6,2,0.93878883
mean many head,0,1,-0.34664974
know dont like packing,0,0,-0.8541812
lt3 swings feel like 5 year old,0,0,-0.55012435
tell us never know,0,1,-0.12909448
time bed think looking forward long lie tomorrow spending day,0,2,0.6024101
watching holiday,0,1,0.107452355
made apartment good see lindy,0,2,0.9003107
call kool word kool shall inherit earth kool kid says maybe state kool ideas,0,1,-0.055806797
didnt nightstand youre lucky im lazy,0,1,0.05649066
oh thanks,0,2,0.53184885
another time classic,0,1,0.4040586
im pretty sure 5pm assuming goes planned 5pm time would mean maryland night hotel seattle atl,0,1,0.4019335
guys like video,0,1,0.13675001
see tonight night drama please keep coming haters im loving,0,2,0.9412275
going eat dinner,0,1,0.043146864
done lets show everyone theres good still ol blighty,0,2,0.91149145
trying find binder put finished project eep im happy,0,2,0.9526289
watching movie chillin,0,1,0.34845394
2 miles house hear couch calling name ima comin,0,1,0.048802342
regular katsu spam musibi gettin fat,0,1,-0.24835828
thanx dats newest song appreciate u listen 2 4 2,0,2,0.7834474
one perks working ridiculous hours coworker model,0,0,-0.37075663
realizing start updating,0,1,0.0027380884
good movie like one never seen starttofinish good,0,2,0.97642875
walking cold wellington streets new jacket warm,0,1,0.25933418
read dewey,0,1,-0.05885543
hey got reply aftermath though dope,0,2,0.49700582
ohyou didnt hear springfield,0,1,-0.29635984
oh girl damn really everything glad lil lovely italiana,1,2,0.90163535
boat floated,0,1,0.12763956
damn time cant wait dear hear anything ky yet,0,2,0.7315682
back rat race swimming chicafor,0,1,0.0109453425
oh believe,0,1,0.110147454
watching sabrina teenage witch episode aunts make dream date man dough favorite episode,1,2,0.5829418
getting ready go movies mike,0,1,0.18481582
ohhh yeah love yosakoi wish could go japan perform,3,2,0.9641579
sigma delta tau,0,1,-0.06979783
cooool morning want see transformer,0,2,0.5550426
cool ill watch next week,0,2,0.88551646
back home time willy wonka chocolate factory abc family,0,1,0.35333645
whats hey im ok thx ttyl oh sowwy,0,2,0.775195
bed goodnight everyone,0,1,0.42479235
let know plz,0,1,0.09258162
06 enough almost,0,1,-0.15003064
showing lakers magic,0,1,0.24575074
couldve saved,5,1,0.12846518
watching kendra sooo wan na get stripper pole house,0,1,0.017841347
gooo lakerrrsss,0,1,0.25154477
worries man win,0,1,0.25614834
umm kobe trending topic important game something cares,8,1,0.32831863
tonys great season lets hope another great season come,0,2,0.98514134
getting ready hit sack 315 comes around pretty quick,7,1,0.40684873
friend volunteers new rochelle humane society r havin cat adoption event june 13th 12pm2 larchmont floral designs,0,1,0.20194522
fixed dinner family,0,1,0.1095008
im people,0,1,-0.31767407
night right behind,0,1,0.03834828
gogogo move 3 86 operacom,0,1,-0.0043116435
got decisions repeat,0,0,-0.45915112
lakers ot went exactly,0,1,-0.005769588
2 wins good night jon,3,2,0.8865118
happy birthday,0,2,0.97575384
wishing closer bway try go shows,0,1,0.33049515
last exam tomorrow feeling kinda scared yet relaxed also bed x,0,1,0.07952137
dont dumping whomever,0,1,-0.16038232
searching new apartment six us stay,0,1,-0.0006349273
never one things unfortunately end say,0,0,-0.46257138
taste bad plz take yur meds dont want yu feeling pain,0,0,-0.9067593
oh didnt notice hope day includes mice,0,1,-0.23269495
thanks yeah either hey favor follow,0,2,0.71959466
aggitated beyond belief still keeping cool,0,1,0.25181067
dear explode okie dokie good night,0,1,0.25817037
one adults actually needed hug didnt wan na ask give hugs,0,1,-0.022220924
seems like im boss around,0,1,0.13383698
officialim food network junkie,0,0,-0.72520745
im watching tv ipodlots fun,0,2,0.9208877
going bed good night folks,0,1,0.42537636
cut hair like february ahaha guess u cant rly tell dunno,0,1,-0.14282405
love place add quotpkuhlquot,0,2,0.6314128
jay thinks never go philippines negative boy,0,0,-0.7495831
tea good enjoy tea,0,2,0.9629904
ooooh ouch hope yer ok played black spot shane mackies band theyre great old bands shirts,0,2,0.93562204
totally ruined evening visual,0,0,-0.94524896
got see coalesce destroy low ceiling gutair player used sheetrocks play guitar awesomeness,0,2,0.73105246
well melb meant weird right,0,1,-0.31093585
great quite enjoyed,0,2,0.96143734
found barnes noble gift card bought cant wait receive really help,0,2,0.93045527
myra gave dis cute pink bracelet burfday thnks gal apreciate lot,0,2,0.9792378
hey facts aha yeah drink together someday come bay,0,2,0.5301487
hi eurotunnel coach thing,0,1,-0.05407531
23 wow scary know,0,0,-0.40680262
maybe try tweetdeck also filter options youre tired ae ln,6,1,-0.08614067
thats fav,0,2,0.5356866
offer accepted,0,1,0.22874817
eeek must get full story,0,1,0.06325427
hey abi nice see online,0,2,0.91058874
leave im coming home,0,1,0.18748523
ill try ps like pic itss gorgeouuss,0,1,0.39998138
head hurts reading well worth,0,0,-0.8479172
way house cuddle buddy time,0,1,0.36217383
thought onli one cant go sleep,0,0,-0.49569297
watching ze lakers game 5 ampfeeling friends musiq soulchild,0,1,0.20168944
listening quoti know u want mequot pittbulllove,0,1,0.15910888
eating cupcakes yummie,0,2,0.65663624
congrats lakers ugh even though im fan houston rockets,0,2,0.94796294
cant wait bali wed,0,2,0.74712
wakes deep slumber,0,1,-0.027106553
celebrated family birthday morning hard work tonight picnic brnnboll,7,2,0.9524877
morning wondering back normal 100 fit healthy,0,2,0.54551154
british power day yay,0,2,0.90208983
back action time chew mailbox,0,1,0.022257756
know people twitter wan na hear whats going get following us latest,0,1,-0.012885451
dont reveal tricks youre ruining magic youre david blaine yet got magicians nz,0,0,-0.6816402
edited 400 photos blogged took care emails productive time,0,2,0.7222694
woke anas,0,1,0.09489564
great webinar today packed full great information twinspiration thank,0,2,0.9861875
im going look,0,1,0.02202192
dang man late night conversations best,0,2,0.6723103
stray cats stray cat strut,0,1,0.15251529
deff cigs,0,1,-0.34344852
girls youre one goddd id katy,0,2,0.5311616
twittering flyff,0,1,-0.04121478
martin updated,0,1,0.057382293
yipbikini polo neck jumper jeans top,3,1,0.06426488
receive hug twitter,0,1,0.122036204
nghe rng bay vi n bc n cng honh nh,0,1,-0.035115138
get awesome twitter background,0,2,0.90036714
penny arcade jim dark magic much much weaker automata lookouts burnediced girl damn cute,0,2,0.66516966
asleep im listening hist,0,1,-0.13819304
almost 6 amabout time bed,0,1,0.047484014
hurrah still chilling jersey,0,1,0.01907304
dont give hope,0,1,-0.32301897
bishan ok,0,1,0.15754327
made day,0,2,0.84572357
power ballads hmmm quotpower lovequot quotboom boom boomquot,0,2,0.54345936
hi 6am havent even slept yet got side tracked online seriously going bed good morninggg,0,1,0.22387096
dio mother fking tim curry instead,0,0,-0.8257116
thanks libsive got sun,0,2,0.65035427
follow aptcians,0,1,0.03155134
hmm chocablog seems sustained attack stumbleupon,0,1,-0.332302
need espresso pot like mine quick n easy,0,2,0.53942114
sent lj pm shinies,0,1,0.043623652
oh okay totally forgot tweet night museum 2 amazing like first one loved,0,2,0.9717495
wear sandwich board says quotfollow twitterquot walk around seoul,0,1,0.012280136
sweet google page rank twitter profile page thats skill,0,1,0.11809915
ok well ill give u number aswell 07958938647 well find way find eachother found jared twitter,0,1,0.19506781
see wait checked bands myspace page got stay music definitely awesome,0,2,0.9639629
forms even,0,1,-0.23273891
mean dream shootin stars wish bf would prosper together forever,0,2,0.893893
please 10 far,0,1,0.029921964
send atlantic please,0,1,0.08131349
love twitter,0,2,0.9600069
know cant wait might sleep day away tomorrow come fasterhahaha,0,2,0.94651484
u finished b2m,7,1,-0.04097218
time get things done kiddies arestill asleep take care one hugs filled love x,0,2,0.82148254
dorking looking houses,0,1,-0.10355531
says schooling isnt bad,0,1,0.15854168
first non celeb youve followed im honored,0,2,0.9247257
time content zombilicious remixes theyre repeat car,7,1,0.13453774
cool 1000 congrats favorite englishman,0,2,0.9854712
cant worse humongous htc things used besides noone ever calls moot point,0,0,-0.8710826
safe work camel toe,0,1,0.078736305
well go soon enough,0,1,0.16259168
bout go psychology exam wish luck,0,1,0.42658845
yahoo 300 followers,0,1,0.07215221
ah mondays start great week hope,0,2,0.9832169
brought favourite vanilla cookies ikea got pack candies baby,0,2,0.66493434
right ttk road,0,1,-0.034062102
busy later week,0,1,-0.03540522
good morning ceo second time,0,2,0.8400121
beautiful day well,0,2,0.98206323
home mom today baked cake hopefully going make banana bread miss babe xoxox,0,2,0.86480135
writers huddled absinthe bottle look em chug gawd love um,1,2,0.58213633
bet invented sweden hahah,0,1,0.07799647
thank answer overslept txt later tomorrow,0,1,0.11722549
seriously think person planet feel way half day today though tolerable,0,1,0.34598482
dinner w dad,0,1,0.09292175
okie doke bestie,0,1,0.18175489
mmm rather like cinnamon starbucks doubleshot drink yum,0,2,0.9163023
mmmm good morning tweets im taking personal day today sipping cup coffee jammies,0,2,0.79173934
whats going,0,1,0.013583176
bon means good,0,2,0.71245646
hi mathilda um names erika sup jus wnna make sum frnds twitter,0,1,0.0019980446
oops try,0,1,0.0025554597
studio day day,0,1,0.049372442
think need quottweet people watchingquot seemed like works hotel lobbys air conditioned,0,1,-0.029638164
ola v l isto,0,1,-0.01886098
btw watching funny videos sitting library big nono,0,1,0.39543602
yuki hai hai nihongo wa motto muzukashii gtlt demo omoshiroi hehehe,0,2,0.53022146
pick youll busy working im totally free vacation mhahaha,0,2,0.6602698
thx 4 following hearing seeing podcasts u r personal hero,4,2,0.8531672
thanks happy monday hope great day,0,2,0.98917246
indeed could say,0,1,-0.02344817
another day work till 4 boring life,0,0,-0.8480559
watched casino royale lajhnm jutr4rf2 love wang mouth,0,2,0.74532616
eez playeeng dowtah know,0,1,-0.14006186
watching donnie darko first timelove,0,2,0.6168423
programmed differently,0,1,-0.029323056
safe cafe library erina fair opposite abc radio booths near escalators nice food coffee,0,2,0.7793107
im standing dont see storm jonas miley,0,1,-0.13186413
cmooon situ yg cibuk berath ciihhhehe p bener yaaaa oneday n ohya gudlak w ur final exam cimod c u darl,7,1,-0.06358033
meant wieder send kelkheim later,0,1,-0.073290125
watchin tv little sister,0,1,0.042608418
lets say involves 75 foot yacht aka boat,0,1,0.05334086
back sg wee,0,1,-0.0001386255
iiitsss verryy interesting,0,2,0.89904255
like green avatar thank,0,2,0.52090186
crap running late school press conference shoulda slept earlier like good morning monday,0,0,-0.82930976
congrats ur baby girlgirls way better,0,2,0.98348653
art test today yay art boo test wish luck,3,2,0.90682614
garden last week youre interested,0,1,0.42783785
yeah ive seen 28 problems working lemons though,0,0,-0.4847026
yay twitterific works,1,2,0.8454277
great sounds like hes well chasing gecko round kitchen fun games,0,2,0.90019035
glad ion vacation week,0,2,0.6418418
yes lets literally right die since im sure thats gon na finish us,0,0,-0.42211002
live long prosper trabajar,0,2,0.71122396
probably remember part corrs releasing solo album go show support follow,0,1,0.17931786
awe thanks faith us lt3,0,2,0.906335
thanks well wishes like big ass guy help therapy love hahahaaa,0,2,0.83780706
youre p swayer b davis,0,1,-0.050157838
u mite need check rehab,0,1,-0.2720303
okay idea didnt work back shirt design,0,0,-0.7593576
time sleep hav catch 4am bus tomorrow colombo exam without proper studies,0,1,-0.45292708
yes called bulimia,0,1,-0.3177459
make busy,0,1,0.05131668
library like nerd,5,0,-0.58837354
beautiful day parade yeah pens,0,2,0.97081107
show cat skateboard,0,1,0.10929692
idk maybe bcuz im eating taco bell cousin asked wanted go shoppingg taco shoppinggg,0,1,0.08669767
twittercom eating lolly,0,1,-0.31350225
u take twitpics,0,1,-0.023948148
good friday bass player wasnt acoustic good,0,0,-0.4886176
keriwhats next single gon na anxious find,0,1,-0.03687188
new phone,0,1,0.3238731
10 million dollars sure cuz everyone love u pick n choose u wan na love,0,2,0.7948576
loved first saints movie trust presence ensure one awesome,0,2,0.97225386
cant think anything astounding first post lets get tada,0,1,-0.3094129
hey never know,0,1,-0.12829742
going swimmingill come back tan,0,1,0.34885466
know right yes send eod,0,2,0.50933576
quarter one soooooo good,0,2,0.97768736
jive monday nitehowz idea,0,1,0.07966435
might jack style twitter replies,0,1,-0.06489153
nieces friend feel bad think ill reclaim shock dies,0,0,-0.8411558
quotrepetition transform lie truthquot franklin roosevelt,2,1,-0.2834022
check power twitter follow tool,0,1,0.0027925968
hope enjoy,0,2,0.8759311
thanks man,0,2,0.531311
team paul definitely painted,6,1,0.21343401
jerry sweet chimy changas lmao,0,2,0.6289416
pumped tonight friend coming see one hour,0,1,0.06846071
heey twitter im lil cousin much fun love lt3,0,2,0.98335576
get 100 followers day using add everyone train pay vip,0,1,0.34934476
thank much,0,2,0.6380174
mariah going swimming stilll wan na take ride disco stick hahahaha,0,1,0.26132447
love picturesdont think show,0,2,0.4265905
woah nick ur done w school wow risk sounding weirdsketchy im proud u u guys r great influences,0,2,0.96670246
youre welcome,0,2,0.9302879
eating food stuff homework chores,0,1,-0.2571128
yes sir,0,1,0.28873402
brand business putting logo products services photos real postage stamps cool,5,2,0.81989545
noooo hehe,0,2,0.6524146
mmm office smells like chocolate,0,1,0.17816299
patron fiance cooking sharlotka,0,1,-0.017948065
sige ingat goodnight,0,1,0.09432312
alisa bagged,0,1,0.096423894
non volley fans pix fb interesting think scott last ones im,0,1,0.43344927
writting song like making baby lalala,0,1,-0.11960974
heyy kylie twitter,0,1,0.0029713362
loves orange soda kel lovs orange soda doooo,0,2,0.9596935
soon ill let know,0,1,0.101012014
goodnight everyone,0,2,0.496839
aw comeon u knew coloured didnt,0,0,-0.4328226
yeah thats,0,1,-0.058350578
wheee almost 5pm va means almost time go hoooome,0,2,0.7524132
helping diana figure new macbook,0,1,0.23190573
hey day going well,0,2,0.87900335
im tweetin,0,1,-0.011612363
thanks support,0,2,0.80982566
kind surprise mom used order new bees beehive mail always surprised post office,0,2,0.50299615
reallllllllllllllllllly wan na win iphone,0,1,0.34023803
princess birthday,0,1,0.39972687
lolthanks glad like,0,2,0.9550681
unbelievably sweet girlfriend lt333,0,2,0.828414
get 100 followers day using add everyone train pay vip,0,1,0.34934476
indeed went fungal option,0,1,0.119521186
get 100 followers day using add everyone train pay vip,0,1,0.34934476
hahaha dont worry certainly wont,0,2,0.42276308
get 100 followers day using add everyone train pay vip,0,1,0.34934476
hair actually pretty today totally took picture guess todays good day,0,2,0.9793831
absolutely might catch mac mancos well,0,1,0.170514
looking time hairdo need cut something fun done head,0,1,0.3093234
im even famous yet hv stalkerwow dont want 2 friends associates know ur prolly reading bcs,0,0,-0.68448323
im excited next two weeks,0,2,0.98895574
sleeeepppback barcelona tomorro,0,1,0.424815
response earlier question would definately rather 10 million dollars,0,1,-0.17989808
watching hangover,0,1,-0.36664903
gray day since lakers champs good,0,2,0.7994096
ok ill hit get home youre around,0,1,0.24546881
msn isnt forgotten cause still people dont twitter,0,1,-0.34867778
nhaaaiiiiiiiiiii rendi ao twitter fim agosto na rea hein,0,1,-0.04678009
get 100 followers day using add everyone train pay vip,0,1,0.34934476
meeeeeh shitty youu,0,0,-0.9197365
yeah lets write,0,1,0.15287697
summer session starts today smiling,0,2,0.8703456
used fancy big time,0,1,0.31071234
going take passport picture,9,1,-0.0033125766
get 100 followers day using add everyone train pay vip,0,1,0.34934476
make sure u visit juelzcom post stories,0,1,0.2027866
snobby still sorting rest furniture though,0,1,-0.10838508
ill take furniture doesnt sell course like everything get,0,1,-0.320512
yes know job job love mileey argentina support,0,2,0.89229214
done 1 improvement today late,0,1,0.12884292
tired life guardingnothing heals muscle soreness good bowl birthday cake ice cream,0,1,0.11746223
wonderful dad,0,2,0.8883101
home hungry sleppy sickwaiting 4 teddy bear,0,1,-0.1573742
good feel free poke fun whenever want,0,2,0.9437184
true im going cornwall mum next wednesday week apart im free x,0,2,0.6203392
thank anyway offering ride nice,0,2,0.8303874
hey new followers come introduce,0,1,0.34111264
reason joined moderate polyghost,0,1,0.0035098605
dont know votes get 8 2 yes thats 10 would convince,0,1,0.34121522
camera came,0,1,0.06404422
appreciate dells customer service using real names however,0,2,0.80192536
hosted wonderful imagination innocent fun made relax 3d effect good enjoy,0,2,0.98087424
ugh cant vote im totally rooting twilight demi,0,1,-0.0377613
feeling sleepy already 040 got ta finish go bed tomorrow busy day need fresh,0,1,-0.22214195
get reign sure woo woo,0,1,0.43640414
youre sweet sister,0,2,0.9194727
finished interview quotall points westquot thanks everyone tuned listen,0,2,0.54906535
glad summer,0,2,0.8670387
heeey youu love giirl rock world really love,0,2,0.9876123
im ready world,0,1,0.39772895
id like say really love job,0,2,0.8788268
signed badoo seems pretty good,0,2,0.8789391
q1 whats fave video,0,1,0.17555663
best idea ever peanut butter syrup pancakes,0,2,0.95686823
yeaa course lahheheand always natand,0,2,0.6786201
golden girls makes sooo happy crazy day got ta take easy,0,2,0.9863331
decided create new screen name super random,0,1,0.018264718
darn tootin weve got ta,0,1,-0.34126177
car shitty bike broken phone 25mile commute great friends health roof head job im truly fuckin grateful,0,2,0.73449296
chandinis movie party mer alex rachel leah,0,1,0.15444045
u hsve meet bow wow cos like girl u like,0,1,0.13539279
delicious ceviche dinner,0,2,0.93429285
awesome enjoy awesomeness sennheisers,0,2,0.98657453
cant dm unless follow back,0,1,-0.219728
hope get put away hope fuckin die,0,0,-0.957019
creating accounts web,0,1,0.004819095
already watch video,0,1,0.025356654
omg im watching ice princess lmao lurvvee disney 2 lmao destined sisters yes niley equals luv,0,2,0.88173276
watched cb4 5 mins,0,1,0.016420491
eatin ice creamm,0,1,-0.14807245
got home work1st day vacation lots job security plenty catchup work good thing lt3 job,1,2,0.8949605
going rest die cold feel like sleepingi think fever bye,0,0,-0.5189027
going walgreens gon na buy candy maybe magazine posters posters posters lt3,5,1,0.07158628
thinks morphing certain images talking future trying plan winter cruises tropical locales makes day,0,1,0.2541696
bought cd today demi lovatos quotdeluxequot good recommend everyone im eager go tomorrow buy new cd jb,2,2,0.96887
hahaha yeah fun dunno yay band tmr,0,2,0.89362407
hey doin xoxo,0,1,0.4210134
sounds lovely conventions might sponsor group like wed love come,0,2,0.9652243
mine zazzle love,0,2,0.7747149
hey whats going tomorrow night,0,1,0.06219218
nkotb chat retrorewind,0,1,0.03462868
20 worth pizza coupons ftw,0,1,0.06710605
thinking new video idea hmm maybe explosive couches thought,0,1,0.1153652
im way houston new teeth,0,1,-0.010012578
stuck tonnnn homework fun fun watching family guy process,0,2,0.3255672
wasatch brewery park city utah beer called polygamy porter got ta love mormons,1,1,0.45971262
finals tomorrow one,0,1,0.079902075
game night w carly mike kelly,0,1,0.12200237
wathching greys anatomy playin guitar hero3,0,1,0.097106084
watching summer full repeats still got make day better,0,2,0.91299313
im getting agreement today,0,1,0.37736428
vas dormir buuu buena noche brendita,0,1,0.031108372
productive mtg wokinawa assoc amer collaborations wdn look content site oaa next months,0,1,0.06627314
see june ireland weather crazy,0,1,-0.040474817
im really sure twitpics love songs btw keep god bless,0,2,0.9236697
nice cozy night excited marry guy excited sleep,0,2,0.9780832
dangwhere u work branch co,0,1,-0.14820978
wow im really tired sleeping tomorrow boy,0,0,-0.91380996
bedtimefinally mommy time,0,1,0.2202819
im listening new jonas brothers cd soooooooo much beter lt3nick jonaslt3,0,2,0.8571861
awesome super stoked new album,0,2,0.98811525
watchin colbert lt3 casey,0,1,0.09068985
know shock isnt honest feelings,0,0,-0.7023871
believe xd,0,1,0.4356855
stop go pick bed visiting mother law im back lets see,0,1,0.0783397
hair least troubles,0,1,-0.16763937
premiere following weekend love transformers kid love shia labeouff even,0,2,0.97457075
quotand every story ever told part youquot yellowcard go,4,1,-0.104402795
never go wrong oldies country chrisitan rock ipod mostly honor society jonas brothers hehe,0,2,0.77476877
sweet home chicago wouldnt trade world,0,1,-0.09824037
shutting work 17 hour day sleepy,0,1,-0.03462094
oh ok gotchu im new bear w,0,1,0.16950025
know enemy green day,0,1,-0.10602305
every time see jessica alba girl think quothoneyquot know shes done better thats comes mind dark angel,0,2,0.6484357
btw three,0,1,0.09212904
going get contact lenses hopefully,0,1,0.40567198
im raquel im new im follower felt need introduce,0,1,0.23275426
got good one whats email,0,2,0.7882134
get 100 followers day using add everyone train pay vip,0,1,0.34934476
care u take drive soon,0,1,0.01487479
think chance stfu girl god started form helped,0,1,-0.002777487
timee sucks wake good dream say focus get dream,0,0,-0.46349037
time bed last day school tomorrow,0,1,0.028514083
playing rock band unplugged digging liked amplitude never got fits pretty close,0,1,0.35937905
dinner thanks mom,0,2,0.6931743
okay youre hehehehe,0,2,0.85472786
glad happy tummy,0,2,0.9414236
goodnight stars,0,1,0.40765932
ur avatar cute im trying set blog thing see,0,2,0.7785196
wubsy asshole,0,0,-0.85435593
dusty furry kid,0,0,-0.5589751
sorry mcfly,0,1,-0.3217435
love eating instant noodles,0,2,0.9482074
fun tonight even show kinda sucked im laying bed watching stepbrothers,0,0,-0.9005823
vampire weekend rockkkssssssssssss,0,2,0.5359703
interview thursday,0,1,0.031112138
thanks asking hey check dms phone,0,1,0.15411706
happens everyday get beat,0,0,-0.7584619
totally made week,0,2,0.7550616
hanging two lovely ladies,0,2,0.8854342
heyy ellie saw jonas brothers last night mcfly therethey amazing,0,2,0.9765299
morning tweeps peeps ready trip hospital fun day hmmm hope everyones well morning,8,2,0.96181566
trying get sleep crud together late bedtime especially without usual movietime nap,0,1,-0.2561201
im new twitter show love also,0,2,0.9126028
im camera collector love cameras friends,0,2,0.8639274
live like last day earth,0,1,0.11268483
okay mr think know everything,0,1,-0.05296968
hb4 cyberia hb2 cyberia new food court hb4 gt cendol sedap tbaekkk eheheehee,0,1,0.114683
monica go together like cuawfee quack,0,1,0.09971969
success comes easy going make,0,2,0.8196552
filling bath serious bubbles,0,1,0.20691349
nooooooo pluck one know,0,0,-0.58913815
woke much better head,0,2,0.76667786
problem praying important,0,1,0.38453346
im sick fever cough fyi dont anything worse resting week going back school,0,0,-0.5896116
checking twitter world,0,1,-0.15569726
something talk badly drawn boy rb nice 2 know,0,1,0.09416339
sing factor till ends earth,0,1,-0.20580328
psh capn crunch needs sugar yellow sugar cubes basically,0,1,-0.040592536
thxxx hun gon na go hour inshalla 5eer,0,1,0.010837045
wooo got sims 3 loving,0,2,0.95923716
yes certainly,0,2,0.6517098
imma try next time,0,1,0.19245666
copy lvatt post heard songs live last night though confirm best night ever love jonas brothers,0,2,0.978893
anyone joomlasavvyyy need lil template modifyinggg pretty please well give cookies,0,1,0.45996666
wan na go swimming,0,1,0.19220637
oooo likesssnow shall make sure thank finishing creditss,0,2,0.89961374
twitterific 2x iphone tweetie 12x mac think via nah mac id rather use seesmic desktop,2,1,-0.029966056
bought apple dinnerhope stomach slim fasterhehehe,0,2,0.78603005
long dayfor anyway,0,1,-0.08940212
poptarts processed cheeseanything fit door microserfs would board,0,1,0.13360964
warning meditate back 20minsx see thenx wrote 15hrs ago,0,1,-0.010060526
sleeping bed ahhhhhmazing feeling,0,2,0.9566946
mini buffalo ranch chicken sandwich corresponding dance,0,1,0.14707401
tommm quotbooo go naughty cornerquot amazing thomas im glad jonas brothers friends,0,2,0.91766936
havent heard sing play piano maybe youd change mind,0,1,-0.18682693
ball saturday worried look fab swollen eyes stunning,5,2,0.87151426
thats job sr web developer front end playboy,0,1,0.09727065
brother officially slept 12 hours straight still counting,0,1,0.2907528
really crazy look,0,1,0.21856144
thanks sometimes control stop eating xd,0,1,-0.08836813
absolutely loved childrens book published thanks link band,0,2,0.9810392
4 half hours sleep never learn worth though,4,0,-0.63146746
itll lay eggs ur mom,0,1,-0.22228333
ive sign nuffnang finally,0,1,0.25586143
somebody please get done soon tomorrow ok quotnew aircraft seat design ideas shownquot via,0,1,0.2433729
song quoteviequot relaxes think sleep,0,2,0.62481594
work summer corfu working hmmmmmm good friend good morning chief coffee,0,2,0.7584552
woooot thanks man glad digpromise keep coming,0,2,0.9847635
quite positive,0,2,0.7430057
3 days till britney excited,5,2,0.78547513
onya matching course colours kawaii green favourite go,0,1,0.24246226
good morning world,0,2,0.87724125
sending rainy day love heres hoping dont get lonely booth,0,2,0.87004375
tommorow iphone 30 software,0,1,0.30681103
seoul korea boarding 5 minutes follow see temple 5 hrs,0,1,0.024860943
sounds grown,0,1,0.32710013
drinking coffee sorting things,0,1,0.030100368
completed 4 years industry 4 days back,0,1,0.077433184
thats good one although may got 90 votes,0,2,0.9355646
congratulations new home,0,2,0.96239924
thank much,0,2,0.6380174
whereas mine kinda gooberish plain dangerous win,0,0,-0.4368963
last night dreamed going interview rejected fight weird,3,0,-0.6617942
hehe hey come cancunmexico please dream,3,2,0.8892027
pretty damn good weekend cant wait nowworkworkwork,5,2,0.9828922
youve saving havent,0,1,-0.15762982
screammm aimmm firreeeeeeee,0,1,0.38491452
yay sun today,0,2,0.906597
like style,0,1,0.032782435
pizza radius z thickness volume pizza,0,1,0.032151464
makes top 100 slip obscurity,0,1,-0.22655985
could done bag chips hammer,0,1,-0.03167001
achja welcome twitter,0,2,0.6632322
first ever tweet singapore,0,1,0.09392363
wat omg thats awsom,0,2,0.53856206
back home state,0,1,0.10108029
need listen lots peeps seem like,0,1,-0.083572954
message inbox reply please let know receieve,0,1,0.19571579
carscrapyards facebook,0,0,-0.8891318
nandos welsh matt new hair good day,0,2,0.94355935
yesss good good,0,2,0.96898496
top morn ok please,0,1,0.39450538
gettin ready work love working ot gon na love paycheck even,0,2,0.8754619
amping ryans 17th friday gon na good,0,2,0.8848405
okay please announce artists today,0,1,0.12745827
watching saints,0,1,0.14773971
one never many contacts enjoy meeting,0,2,0.40576962
ahh good morning getting ready crazy day mean crazy,0,2,0.8018714
staying arnett conan tonight,0,1,0.061264887
finally got thanks pchol tom,0,2,0.59530175
wont tweetup working reg spread word,0,1,-0.17773691
finally decided looking forward month relaxation happy times family friends,0,2,0.97383446
lines vines trying times im hands muahahaha love already working memorizing words,5,2,0.8543393
wanted know favourite color youre gon na sleep,0,1,-0.010411657
trouble sending pic,0,1,-0.124744
long diarhea gone sure,0,1,-0.14001612
think ori,0,1,-0.06903407
okay sunshine wins great day beach session today,0,2,0.97507614
yeah ill put pic,0,1,0.09137073
good morning tweeps,0,2,0.74817985
follow youll glad,0,2,0.86816823
yes coffee actually saved,0,2,0.8751172
happy birthday ate judy boardmates dinner downstairs,0,2,0.96719986
times new roman ftw showed artist like quotwhat fuck happened thatquot,3,0,-0.75640154
quotalready gonequot kelly clarkson beautiful,0,2,0.8970613
isnt contradiction terms,0,1,-0.13398673
settle still ncis marathon,0,1,0.04381362
yeah show saturday sweet,0,2,0.8477655
dry n str8n th mop thn 2 tescos 2nd home,0,1,-0.0020760894
hooomeeee traffic jammed,0,0,-0.71810156
good morning world good morning peter lindo,0,2,0.9233492
watching men black hbo right,0,1,0.028332848
omgomgomgomg friggin excited,0,2,0.9497571
people work fucking retarded makes feel good,0,0,-0.68669474
thats one got good strong im mixing whipped cream better,0,2,0.83163846
guard house like said bit dangerous maybebut nothing bad hasnt happend soand dont like fighting,2,0,-0.59174216
might take trip landd,0,1,0.054562986
hey generated great discussion roundtablegood job,0,2,0.9765862
bed ready cut colour tomorrow,0,1,0.07474978
also enjoying coldplays new album,0,2,0.95701957
thanks sam im going lot lately take care,4,2,0.63765895
thanks niceapart work one girls gave pressie every1 nice,0,2,0.97198725
good day far excited weekend,0,2,0.9803505
watching test rides hotel room park opens 20 minutes today wild water kingdom thunderhawk,0,1,0.13933471
today pap campbells 71 birthday,0,1,0.18290986
zice ca aproape suficient,0,1,-0.032167673
going live new beer barrel 415530 giving away goodies,0,2,0.6835955
hey peter hard man get direct response,0,1,0.023699582
yep fine,0,2,0.6111421
cant compete led zep,0,0,-0.6370777
heat doesnt get watch crazed disney fanatics,0,0,-0.8050238
tingly lips best friend night tonight,0,1,0.2807924
hey shazam really love quotopen eyesquot dwele ive never listened 2 like,0,2,0.77814233
gunna brunch watch rocker,0,1,0.067869276
searching know self find good girlfriend,0,1,0.054903835
europe many countries stagnant europe,0,0,-0.5027347
thinking crappp,0,0,-0.4714831
ir ir yesterday btw love new album,0,2,0.96993876
omg truewomen men,0,1,0.041201007
love home iep meeting work,0,2,0.85639524
wow actually learnt something revising physics shit,0,1,0.034305245
im psyched funny interview great content gives u glimpse rags riches rags im okay story,0,2,0.9494764
great boyzone concert,0,2,0.9736396
even masochism limits,0,1,-0.4484791
know basi love guy ritchies piece,0,2,0.8062054
please send dewsoldiergirl confirmation rejoin community boards left free,0,1,0.28236973
thank god dashboard mac comps,0,2,0.85610205
congratulations well done x,3,2,0.9639809
dont know could possibly mean dear boy,0,1,-0.39888
loved cameo made chuckle along sxsw talk past couple shows,0,2,0.95059425
realized room color theme green definitely growing go green hahaha still love purple though,0,2,0.958966
told parents depression hard get gen x people understand something control time cure walk keeping mind busy,0,1,-0.07010287
made tortilla filled pbj depression cured olivia1 depression0,0,1,0.16964686
anxiety depression fighting whos day,0,0,-0.7682479
wow shes suddenly cured depression gave us world peace,0,2,0.8499314
officially done neptunes justin timberlake timbaland got depression younger lot artist changed sounds still supported far,0,1,-0.016654916
agreed emoji clapping hands signemoji clapping hands signemoji clapping hands signas someone long experience clinical depression id like add thisof course fuckingwell yells hits head wall says wants dienobody live forever without hopeshe wont get better kept indefinitely nauru,9,0,-0.32871515
youre fine bit productive school youre home burnout occasional depression get end semester,0,2,0.5997365
think would know depression quite rarely slump paralyzed state want dark room away anybody else every weeks would wake morning nothing seems right,0,0,-0.60213476
kinda reminds suffering depression got help decided chop hair theres study people suffer dramatic event often chose get dramatic hair change recover,0,1,-0.20256664
hes right lotta people deal depression find hard come terms,0,0,-0.47231555
generalized anxiety disorder v mild depression,0,0,-0.6091094
heal anxiety depression fibromyalgia naturally via,0,1,-0.35255197
block fake ppl cut,0,0,-0.88770294
chaotic depression u even deserve food,0,0,-0.92209977
depression pictwittercomqyyb3okbti,0,1,-0.3739614
idk like u know u get closer exams u get feeling depression,0,0,-0.49519798
uhhh idk yall wan na see rant like kinda need sorry advanced swear every time talk mental health irl one cares like ppl tell get stop depressed cant control depression one fucking,0,0,-0.87500566
dont psychological condition anxiety disorder depression,0,0,-0.6439315
kotaku ign playstation dont tell god war actually cures depression,0,1,0.006524861
lose via pictwittercomk5khydrkvj,0,1,-0.1828558
syo kurusu whos curring depression day day energetic smile lights dark soul im blessed life thank,0,2,0.95446783
shane responded lame mothman pun depression cured,0,1,-0.25580907
online cognitivebehavioral therapy anxiety depression mindfulness therapy via skype people see big improvements within 34 weeks contact learn schedule skype therapy session,0,2,0.87542915
antidepressant day pictwittercomyyweoaauae,0,1,-0.05244136
im glad think quoting telling someone research going best depression different everyone dont know hard grasp think someone handle depression way always work,0,2,0.76504827
one understands much helped seriously never better place havent see mental health long time relieves stress depression sometimes need someone help make things better thankfulemoji heavy red heart pictwittercomysjq5cxjxs,2,2,0.5410289
wizards cavs lose ill spiral crippling depression,0,0,-0.7496137
dont think people recognize much adhd affects persons life lot times adhd one multiple diagnoses person may receive usually something like major depression bipolar something else gets blame persons life sucks,5,0,-0.9257103
would someone like cure depression give 5,0,1,-0.07780276
wip art grandmere memere mom back day havent made ton progress fighting depression nightmares ugh got pull together pictwittercomkk6ruz4h2x,0,0,-0.68650275
insecurity depression psychological projection,0,0,-0.803759
crap thats probably depression talking,0,0,-0.93635494
want nice weekend thats depression kicking ass months still want enjoy miserable ok,0,0,-0.05198002
feel depression coming back emoji weary face,9,0,-0.6747841
saved depression pictwittercomdurczpqonf,0,1,-0.1353913
well absolutely shit day sick life taking shots every fucking day point trying supposed make effort dig deeper depression anger stresssorry shortcrappy stream honestly dont know ill back pictwittercomplbpbao1wt,0,0,-0.96774703
grass greensun shininglowest test score droppeddepression cured,0,0,-0.3687507
vintage depression candlewick single candle holder imperial glass company,0,1,-0.025978144
joking aside folx masturbate anymore free serotonin still major anxiety depression problem emoji dizzy symbol,0,0,-0.80109566
depression tears left cry snatched bold pictwittercomfxw7ygnmwy,0,0,-0.47270343
surgery fix depression,0,1,-0.067812696
ever get happy flex homies depression,0,1,0.23003078
depression activated,0,0,-0.69184345
new hyper fixation janelle mone love depression,3,1,-0.268254
really dont want dont even know want know even tho dont know heart breaking youplease dm ill try best help ive severe depression since 23 many years ago ill gladly help,6,0,-0.5368974
truckers depression army,0,1,-0.28673446
ill never understand people use depression attention accessory lmao,0,0,-0.898694
cant wait depression tends creep back wait much time hands,0,0,-0.5426519
first appointment tomorrow new care coordinator already dreading dont want meet despite knowing im cross frustrated knowing blamed mistakes,0,0,-0.9678801
accidentally took depression nap hours,0,0,-0.50354993
stereotype think completely live um probably millennials lazy entitled etc totally oh whole depression,0,0,-0.61478513
see ive learned lot rpdri pan seeing strong individuals inspire mei anxietydepression watching katya miss fame made realize wasnt normal feel awfuli bulimic need help im exception recoveryemoji ribbon,0,2,0.4589808
bowling new hobby love def helps keeps depression away,0,2,0.8659946
depression really mf,0,0,-0.930842
post picture everyday pleaseit helps ease away depression pictwittercommjflajocdw,0,2,0.76004016
thing thats 247 depression,0,0,-0.6868021
extreme sadness lack energy hopelessness irritability trouble concentrating feelings guilt symptoms major depression,0,0,-0.9313654
depression sadness,0,0,-0.73688185
nervous 100 know im gon na rejected reading words gon na give good ol depression,0,0,-0.74294746
floride medications domestication depression read four agreements collectively sleep walking also waking keep warriors waking,0,1,-0.060302913
presented senior seminar research today use mushrooms treatment depression everyones takehome message drugs,0,1,-0.020525448
vegan emoji cat face taste like depression,0,0,-0.7905661
read second part tweet phd trained psychologists saying exactly things im saying old model depression low rates actually curing people keeps people trapped victim mentality life new discoveries behind made,0,1,0.00242576
sigh depression got best today must rain,0,1,0.27511802
would anti depression,0,1,-0.039156497
good luck depression real stuck inside head rather paying attention outer helps tremendously emoji face savouring delicious foodemoji umbrellahave good luck stay busy stay happyemoji four leaf clover,0,2,0.8285416
didnt time dubyas budget ended debt near 12 trilplus another 2tril ws unfunded mandates brought books plus decline revenue countercycle spending great repub recession didnt turn another great repub depression,0,1,-0.32977933
suffering chronic depression,0,0,-0.83026314
im 90 sure girls work dont like 10 thinking depression,0,1,-0.31704623
wonder donald trump obtained provigil admiral jackson side effects include dry mouth agitation nervousness mood changes including confusion depression hallucinations,0,0,-0.66321826
depression obsession xxxtentaction,0,0,-0.6013019
teach history anymore travails modern youth nothing compared great depression world war two,0,0,-0.69096017
amazing much depression parents divorce music helped lot music empowering maybe write one inner struggle able dry tears finding someone changed life need like,0,2,0.7166507
almost half adults autism struggle depression,0,0,-0.6293104
real psychologist said excersise eating habits cure depression lmao honey wish easy,0,1,0.23546654
went depression mode ab 5 months glad im better swear worst couldnt eat couldnt sleep surrounded people stilll felt empty like nobody side wouldnt wish nobody dawg gone really fucked head emoji sneezing faceemoji hundred points symbol,0,0,-0.75720924
major depression prior dissociating unwell today better guess blessing rapid cycling im never mood long,6,0,-0.47812027
game 7 begins im going get real second challenging year life many know struggle anxiety depression daily prior medication heavy lexapro proplanolol forgot function,0,1,-0.20125711
people relationship mental health problems process differently emoji persevering faceemoji persevering face,0,1,-0.0023825914
depression meme joke something claim think cool trendy people nearclose depression real serious plz stop making depression jokes u dont,0,0,-0.6053244
check mckee depression glass salt pepper shakers delphite blue sps aluminum lids,0,1,-0.020907372
deciding whether spam either siegesmite tn take good ol depression nap,0,1,-0.055886522
podcast accompanied many tedious stupidly long days nights depression please remember youre literal lifesaver,0,0,-0.47587332
depression coming feel veins wanted love give 10 10 soo good,0,2,0.80009776
started one chester still lots favourite band time depression,0,2,0.6262491
2day terrible napped showered im drinking coffee car listening bright eyes checkmate depression aha,0,0,-0.41634887
mounting evidence shows exercise prevent depression yep thats happy pictwittercom4m8qzputqi,0,2,0.8560204
aquinas anything say regarding depression actually yes st iii q 38 st thomas recommends friends contemplating truth weeping sleepin,0,1,-0.09487897
okay one trying tell anyone anything depression mental illness told us mouth depressed therefore suffers mental illness think reading deep initial tweets something,3,0,-0.6898289
ive handling stress pretty well depression time low working happier process fun one somewhat fun onetaking every measurable step achieve goals ive set daily ones long term goals,0,2,0.9107304
depression nap oclock,0,1,-0.297182
adolescence makes teens vulnerable depression jeff nalin,0,0,-0.7304239
tension anger depression fatigue vitality start gut pictwittercomwufoojieue,9,0,-0.51835936
ok im sad depression nap time emoji sleeping face,0,0,-0.70621085
suffering depression anxiety last 9 years finally scheduled appointment doctor get help heres hoping gets better,2,1,0.1939424
sleeping pill uk affordable cure insomnia depression via,0,1,0.16043648
wonder life would like college friends tried help depression instead calling alcoholic never speaking,0,0,-0.65817463
tweeting live depression,2,0,-0.513356
hello depression nice see nice loooong 3 days emoji slightly smiling faceemoji slightly smiling faceemoji slightly smiling face lets chug preworkout pump iiiiit emoji weight lifter,0,2,0.90823877
look feel awful im ready get depression,0,0,-0.95934415
time smoke weed take depression nap,0,1,-0.06270163
tell please stop victim thing world wants see corpse beaten bloody dying messplease oh enlightened genius cure fucking depression fix entire world first,0,0,-0.89572877
depression hit like truck part2 emoji loudly crying face,0,0,-0.768701
im pretty sure sign depression pictwittercomt01rmp4oq0,0,1,0.0063819587
whys depression pain hole theres nothing going distinctly wrong life still want fuck tall building,0,0,-0.91621536
experts say anxiety depression top list reasons people trouble sleeping,0,0,-0.7858499
depression affect people cardiovascular disease,0,0,-0.83367574
ive victim sexual assaultive almost witnessed parents murderi cant go bed without medication sleeping pills depression pillsi cant stay room alone even daylight point manage happy pray everythingemoji tired faceemoji person folded hands pictwittercomwsksnw0gho,0,0,-0.698768
today doesnt matter depression overwhelmed trying accomplish something end made feel like failure completed,0,0,-0.65877724
acne cured depression gone im bald,0,1,-0.3187617
drake depression,0,0,-0.6498281
100 behind amazing campaign fast food laziness killing us costing millions nhs money stopping people feeling great selves possibly one main reasons much depression negative food,0,0,-0.740144
mothers avoid nighttime breastfeeding decrease risk depression free handout share print,0,1,-0.11216167
mothers avoid nighttime breastfeeding decrease risk depression free handout share print,0,1,-0.11216167
mothers avoid nighttime breastfeeding decrease risk depression free handout share print,0,1,-0.11216167
hurting leadership roles isnt isolated employees pictwittercomtzknhl1q5y,0,1,-0.29609627
stressrelated health issues anxiety disorders cases depression soared past 30 years despite fact flatscreen tvs movies demand groceries delivered nonstop internet,0,0,-0.5149267
running way processing things happen way coping depression,0,1,-0.14586881
mental health illness called depression basically means im sad lot hard get better,0,0,-0.8929639
sorry loss depression brutal,0,0,-0.9131743
full depression dog dies,0,0,-0.94308674
told us diagnosed depression years ago goes therapist telling us many kind words,0,1,0.14651689
instant depression cure,0,1,-0.11483158
hobbies include subtweeting depression naps regular naps anxiety attacks,0,0,-0.50104463
feel bad homie sooooooo much depression,0,0,-0.9579137
modern family real depression,0,0,-0.70271665
oh god give fucking break depression manifests wide variety ways including propensity hate,0,0,-0.9725996
suffer severe depression least one time lives rise stronger ever keep going fighting support love pictwittercomvlhavrtfuj,7,2,0.5052457
classes bad depressionclasses bad depression,0,0,-0.779418
got depression,0,0,-0.69688994
make feel bad depression like,0,0,-0.9206453
joking think bipolar disorder causes manic episodes followed periods crippling depression behavior goes back years,0,0,-0.81480443
psa call someone struggling depression anxiety etc crazy piece crap,0,0,-0.9315945
deep depressionemoji broken heartemoji pensive face,0,0,-0.5446723
jesus greater depression sickness trials dont let whatever going bring victory name jesus,0,0,-0.43759876
mind wants teach women depression taught healthy holistic way read pictwittercomovkpcgjj6v,0,1,0.04946719
depression nap incoming gn,0,1,-0.34956017
calmest month life years panicanxiety attacks weeks depression black holes making wish dead definitely jinxing sun warm alive emoji sparkling heartemoji sun faceemoji rainbowemoji tulipemoji sparkles,0,1,-0.06780222
moms depression tied kids emotional intellectual development,0,0,-0.648402
im afraid admit depression anxiety never let get entire best destroy let known people understand im need im stronger,0,0,-0.45226413
gon na fight nap today anbe productive im gon na go take depression nap else ill cry ultralight beam entire evening pictwittercomuusttcssj3,0,1,-0.23419997
cant diagnose distance im medical professional even professional think going maniafuck miss going maniaat least still massive amount depression,0,0,-0.9261264
girl stayed home school today anxiety depression avoided trigger,0,1,0.0953177
friends struggle app helps avoid potentially harmful phrases,2,1,0.016757324
may 2016 first month eight nine fully depression crazy,0,1,-0.2119436
depression real,0,0,-0.7509352
also need reread kims post didnt say husband mentally ill said mental illness joke people assume hes mentally ill using mind making jokes mental illness depression anxiety joke,0,0,-0.7452073
check 2007 handwritten personal used diary journal sex love depression mental,0,0,-0.48945105
depression fun,0,1,0.20565744
high income reduces risk,0,1,0.1453717
ah look time depression oclock,0,1,-0.0016508996
really dont understand many respond people depressed demanding justify depression worse proclaiming somehow arent entitled feel sorrow arent designated disenfranchised lack understanding psychology,0,0,-0.93114454
sure message facebook asking people depression talk someone etc sad story seems,0,0,-0.5325465
ive got bad case 300 guilts know lie bed awake replay things didnt right know nothing solves insomnia like nice warm glass regret depression selfloathing,0,0,-0.8796922
depression ist saddepression ist saddepression ist saddepression ist saddepression ist saddepression ist saddepression ist saddepression ist saddepress,0,0,-0.86849517
skype therapy mindfulness therapy via skype anxiety depression via,0,1,-0.021061752
check 2007 handwritten personal used diary journal sex love depression mental diary,0,1,-0.19016218
mean thought running gives fat people like depression good job fat able running long distances,1,1,-0.3140224
depression nap brb,0,1,-0.21955495
depression realcant begin describe ive feeling past comes nowhere wants stay,0,0,-0.8294147
say see selfharm scars,0,0,-0.6389486
track could cure chronic depression,0,1,0.34081382
around 2020 depression second largest reason people dying whole damn world heartbreaking people still think depression nothing serious keep quiet,0,0,-0.9439787
girlfriend always apologizes lot things like hanging homework shit list tell doesnt apologize anything apologizes depression pills taking away sex drive tell doesnt,0,0,-0.86265546
werent looking compensation although wouldve supported looking justice developed anorexia attempted suicide continues terrible bouts depression anxiety meanwhile children around,9,0,-0.869246
im 99 stupid jokes 1 depression arent looking,0,0,-0.9007465
22 brothers suicide 30 would welcome chance share story survival severe depression trauma knows,0,1,0.039466217
exercising regularly cuts risk depression 16 study suggests def worth read pictwittercomot9aykfht3,0,2,0.4999264
exam tomorrow ill go school even though im bit sick physically aswell depression fast im done exam thats probably earlier usually please wish good luck tomorrow friends,0,2,0.7947706
need camping fest least month cuz okeechobee temporarily cured depression nothing compares pure happiness reality sucks,0,1,-0.11467457
hello old friend depression hasnt,0,1,-0.28517595
guess people depression dont deserve get jobs let get kicked house able pay bills,5,0,-0.9175754
shortly much depression tolerate per day,0,0,-0.49523982
interwebs twerent thing betrayal hit depression rise fall continued depression acceptance semisociopathism many humans shit makes fucking sense long dont act thoughts voice im ok,0,0,-0.73498976
check deep depression,0,0,-0.6027968
hide depression succession,0,1,-0.4011104
take several depression naps like bc bitch,0,0,-0.8374241
anchor hocking manhattan pink depression glass serving bowl relish dish candy dish double handles ribbed pattern 1930s via,0,1,-0.0049827695
read feed sorry ive depression behavior switched quickly nothing love emoji heavy red heartemoji heavy red heartemoji heavy red heartemoji heavy red heart,0,0,-0.33264214
wyyyuuuuut amazing vines cure depression via,0,2,0.9451353
beat depression,0,0,-0.55512494
interesting study headaches frequent migraines experienced participants symptoms anxiety depression information schedule appointment call 707 6239803 pictwittercomjdvtdmc7fp,0,1,-0.1440014
get depression plz,0,0,-0.62101156
fdr saved 99 gilded age wealth inequality greater todaygreat depression wsocial democracy aka democratic socialism give 99 piece economic pie n unfetteredunregulated capitalistic system bernie fdr 20 except dnc wont allow win,0,1,0.08973217
destroy depression reclaim power live life,0,1,0.111477256
many memes unemployment high cost living depression encouraging people post,0,0,-0.47306153
man kept trying give pass depression anxiety mourning mother nah fam done,0,0,-0.65974104
swept room first time since like november anyway love depression,0,2,0.73224705
depression sucks,0,0,-0.9507912
recently saw netflix special description struggle depression rang true hearing someone else say feeling decades made feel like im alone thanks,1,1,0.104666665
seen people legally upset rightly passed ellis island forgot forgot great depression americans jobs fails 2,0,0,-0.7203014
depressionanxiety constant state remembering embarrassing thing five years ago,0,0,-0.8895152
anxiety depression always thing time people starting open,0,0,-0.53192246
meditation contribute overall wellbeing decreasing stress anxiety even depression turn increasing positive emotions join 30day meditation challenge see bonus receive free meditation instruction may pictwittercomjkf4qga4hw,0,2,0.7917335
technically speaking antidepressants tend make people diagnosed depression saddened least first months taking makes depression worse,0,0,-0.89175934
guess whos backits depression yaaay,0,1,-0.31228203
kettle cooked salt vinegar chips cured depression,0,1,0.3327398
oh wow never thought transferring depressionanxiety makes much sense,0,0,-0.5329722
mixture two bipolar depression mania although dont happen samemood swing depression mania,0,1,-0.36211047
thats twisted hated camhs said mild depression ignored early diagnosis bpd xx,0,0,-0.88149357
emoji waving hand sign medium skin tonei suffer clinical depression social anxiety variety conditions sort im also man im misogynist,0,0,-0.8438686
saythat 316 talk struggling pray gods promises things get better daily tasks dealing depression anxiety pictwittercomr20ajg01mf,0,1,0.38076183
lost depression anxiety couldnt leave bed pretty bad thoughtsi barely living pointso im sure say boy saved lifewhich crazy think cause ive never met never spoke doesnt even know,0,0,-0.6503404
fleabagselfish crocwhen ned shire horse injures leg longer work sad go fears slaughterhouse farmer bill wont let old friend helps ned overcome depression find new job giving rides kids,0,0,-0.82696337
think postdisney depression real thing totally sluggish since getting back last night disney endorphins wearing,0,0,-0.5737602
wish cloud depression head would go tf away,0,0,-0.88028264
fighting depression isnt easy still get uncontrollably sad know thats want,0,0,-0.88411045
sorts anxiety depression meeting hahaha,0,1,-0.1732758
expression best outlet depression,0,1,-0.10727279
anyway going emoji airplane intense depression nap,0,1,-0.1979135
depression really ruining right,0,0,-0.9533339
exercising regularly cuts risk depression 16 study suggestsits best medicine hands pictwittercom0bqk7k3z5y,0,2,0.6487541
saw somebody comment post legalizing marijuana said hopefully switch antidepressants thisthats worksweed help depression dont switch bad stop,0,2,0.43325055
hahahahaha feeeeel gave depression funny worked brother judgement facts emoji smiling face haloemoji smiling face haloemoji smiling face halo,0,2,0.7313323
slipping another depression,0,0,-0.55658954
never easy bounce back relationship done u low selfesteem depression results yhu haa ngeke emoji loudly crying faceemoji loudly crying face,0,0,-0.7747191
recently fallen waking going run everyday ive let anxiety depression take wheel sitting thoughts tweet response popped great exercise anxiety mental well got ran ran far away,0,1,-0.14590298
high school kids right social academic pressure mounting teacher shares hes learned tracking students mental wellbeing pictwittercomoaumsbqhte,0,1,-0.09181667
world matters pictwittercomz30r41uh5o,0,1,0.01407405
thanks sharing garon fellow anxietydepression effexor pal awesome huge step deserve content fulfilled loved others,0,2,0.96541184
yaaass love depression ruins every aspect life including deteriorating physical appearance great superpower,0,0,-0.5369957
big shout past pussy actually commit suicide life literally never better cant stop thinking everything would missed let depression fool thinking nothing left,0,0,-0.95692044
ketamine nasal spray shows promise depression suicide,0,0,-0.66362774
also cant remember ever mentioned bc like memory past 7 months practically nonexistent ive hella bad mental state past month ive felt like thats cool depression uhh heck,0,0,-0.76118284
concept recovery misunderstood many including professionals whatever diagnosis wise managing adjusting know depression remain various ways come back actually bipolar depression,3,1,-0.42595187
true love taking depression naps together,0,2,0.8285949
helps anxiety depression well friend recommended cbd reasons havent tried yet emoji heavy red heart keeps sane,0,2,0.45678765
ive sleeping late bit depression creeping hope wont another episode,0,0,-0.47727448
okay wish people took things like depression seriously,0,0,-0.6004292
need educate cis people going field like topic depth make sure support patients best psychologist isnt depressed doesnt mean doesnt know help depression,0,1,-0.10443404
someone thats suffered depression years doesnt affect beliefs personality etc expressly said doesnt one cant assume shit means saying,0,0,-0.65687853
depression misunderstood epidemic,0,0,-0.87571734
reaching time year seasonal depression turns regular depression,0,0,-0.47389013
fuck family literally told im getting really bad depression dont give fucking shit sister fucking piece shit cant wait till day never see,0,0,-0.98020446
wsu researchers study effects pot depression anxiety healthbeat pictwittercomcashmqmymg,0,1,-0.21461436
im happy found followed elizabeth tweets like medication depression,3,2,0.9374778
stuff like get attention like seriously grow dont joke suicide raceabusebullying disabilities depression rapeselfharm,0,0,-0.8899662
left facebook november 2017 took long break mental health top priority diagnosed suicidal depression 12 years ago happened,0,0,-0.58149433
im tired depression taking easily ever stop,0,0,-0.9238834
wish depression seasonal smh,0,0,-0.5276357
tim duncan retirement depression day 653 emoji loudly crying face,0,0,-0.47830582
moms depression tied kids emotional intellectual development pictwittercomjbdhlxyogi,0,0,-0.50402707
well thats subjective much depression one suffering exactly strain puffing body weight hydration level individual tolerance level,0,0,-0.63917696
dont bosses take depression seriously need day thats really fucking crazy,0,0,-0.97198194
theres depression theres eating half block cheese snack depression,0,0,-0.6060674
ive depressionanxiety entire life found around seven years ago destroyed little left life came full identical someone trying deal find truly thread hits home lot,0,0,-0.6908538
live depression enjoy life,0,2,0.56981635
depression basically nonexistent days clear finally say beat fuckin made cause feel like finally reached point,0,1,-0.1040276
im annoyed know im falling huge depression cant anything feel im falling soon im going hit depression,0,0,-0.9619509
love new clothes everyone could wear new clothes everyday reckon depression,4,2,0.89827746
fever linked increased anxiety depression risk research finds via,0,0,-0.6626597
exercising regularly cuts risk depression 16 study suggests sky news,0,1,0.17791548
damn depression really today emoji face tears joy sup bitch,2,0,-0.87476915
whyyyyyyy depression level 100,0,0,-0.89896744
vintage 1930s mayfair pink depression glass candy jar lid open rose pattern via,0,1,0.03656244
cry replacement well cry lot pro depression naps,0,1,-0.34258777
enjoy depression,0,2,0.5067487
im actually realised sooooo many peoole major depression suicide attempt bad history people kept judging feel bad themself honey loving knowing tht also flaws love u,0,1,0.164996
maybe depression right maybe really would better never born,0,1,-0.29157883
depression really got lately,8,0,-0.810043
technically incel hate word yearsmy clinical depression social anxiety chronic shyness made damn sure nobody would attracted mei happily marriednever killed anyone though,0,0,-0.90266824
oh god sync depression wise,0,0,-0.7069026
hi adrian music goodyour music inspired time something something glorious hear treating depression music inspires fills strength joya hug spain adrian,0,2,0.9262093
depression hit like truck,0,0,-0.83764434
feet look like depression,0,0,-0.8758632
think thisdont say wont ever overcome anxiety n depression truth say things thru christ strengthens ask show way knows way believe lie,0,1,-0.34139538
depression nap sounds good,0,2,0.91442585
sis lot us starting come hiding media others suppress mental disease anxiety black community right doesnt want talk anxiety depression lot times dont worry hushing media use resources shed light,5,0,-0.6316037
niggas put shorty suffers depression anxiety whos always seeking reassurance shorty moments overwhelming sadness reason,0,0,-0.77080625
2 doctor decided physical symptoms anxiety stress depression without examination all2 points,0,1,-0.4001303
anxiety depression keeping instead whoa wish would known,0,1,-0.39729154
depression normally odd depression ive never written misogynistic screed gone killing spreedifferent strokes guess,0,0,-0.7452616
planning first run since depression hit like steam train tomorrow looking forward getting back emoji runner,6,2,0.69030654
angry time could sign depression get checked,0,0,-0.6594601
depression levels 14554550,0,0,-0.72130895
aint stressin bitch aint depression,0,0,-0.4823057
exercising regularly cuts risk depression 16 study suggests pictwittercomwyitollxqi,0,1,0.21363622
struggling deep depression eating disorder met girl loved rwby promised got better wed hang recover watched rwby first time obtained best friend rwby still reminds hard things,0,1,-0.18124506
suppose thats kind thing occasionally writing fear anxiety pain depression day day things think aboutlive constantly,0,1,-0.41340768
moms depression tied kids emotional intellectualdevelopment,0,0,-0.6960396
reuters health mothers depression linked childrens development infancy adolescence according new study researchers studied 875 middle,0,0,-0.5695392
depression killer faith,2,0,-0.81927085
silouhette sunset smoke cigarette compress depression,0,0,-0.47850993
back practical things partners depression comes back,0,0,-0.57763857
fucking scared someone would prove depression thoughts knew scared didnt give shit,0,0,-0.91088027
depression bitch,0,0,-0.8957972
every time see facebook profile imagine death depression everyone see profile say asking help one noticed,0,1,-0.40523183
post savage depression led girls new obsession,0,0,-0.64719063
draft project strong idea perspective startup click join envisions truthfulness accountability transparency depression community,0,2,0.6092706
dosage depression emsam weight gain,0,1,-0.4458534
depression nap time emoji smiling faceemoji smiling face,0,2,0.68740827
foursome anxiety stress depression,0,0,-0.5946723
great blog piece dealing stress,0,2,0.86289597
getting depression nap,0,1,-0.1426658
earth sit thinking depression someone doesnt deserve,0,0,-0.91124725
vaastu living pallavi depression vaastu part 1in episode discuss impacts depression vaastu combat using vaastu principlesfor visit link,0,1,-0.16938315
moms depression tied kids emotional intellectual development,0,0,-0.648402
vaastu living pallavi depression vaastu part 2in episode discuss impacts depression vaastu combat using vaastu principlesfor visit link,0,1,-0.16489807
struggling depression right nowi panic attacks every time sit desk feel adriftand frequently regret becoming actor regret intensified ever since girl colleges drama department got engaged prince harry,0,0,-0.81826806
annual depression set put everything hold till least midjune,0,1,-0.24307266
back high depression goemoji slightly smiling face,0,1,0.046092495
jeff goldblums live instagram story opticians trying new glasses buy want know helps cure depression,0,1,0.3807255
risk fatal respiratory depression particularly patients previously treated strong opioid analgesic manufacturer recommends use opioid tolerant patients give telling courts wont live past 5 mins ventilator,2,0,-0.7340985
woke 9am study finals ive done today depression nap emoji sleeping face,0,1,0.10032656
thought theses day mental health matters 17 year old calls docs get call back says depression told manage receptionist theres worst people really,0,0,-0.883463
obama came office 2 warswall sthousing market car companies troublehe stopped us great depression lowered deficit terrorist around b4 obama dems raised deficit 2 pay 2 wars george started gop raised 2 give rich tax cuts,0,1,-0.29327616
something already stressing point literally triggering depressionanxiety go full force yet someone wont stop bringing stressful situation making things worse overwhelming already pictwittercompvb6ig1fkm,0,0,-0.94523185
tk comments people depression dread hearing,0,0,-0.81140256
exercising regularly cuts risk depression 16 study suggests pictwittercom2r73iqe4hd,0,1,0.18513183
id much rather put neurotoxins body regardless dose fact neurotoxin buddy lowers iq connected adhd depression ill pass like ive said ill good luck,0,1,-0.06273948
depression diet food eat matters,0,1,-0.24703315
therapy safe effective treatment option youre interested learning seeing tms right contact office today,0,2,0.5907364
love u r sad n u reach almost everyone grab coffee u dont end crying ur room one wants see u cause u r sad l0l depression fun kids dont trust ur parents either also ditch u,0,0,-0.9548889
moms depression tied kids emotional intellectual development,0,0,-0.648402
therapy safe effective treatment option youre interested learning seeing tms right contact office today,0,2,0.5907364
kya meri tweets ap ko depression hota hai becoz every time share quran pak ayat hadees u wanttell openu change muslimi muslim muslimin sha allah,0,1,-0.29661566
depression dinner,0,0,-0.67302126
moms depression tied kids emotional intellectual development,0,0,-0.648402
water bottles peanut butter sandwiches depression diet,0,1,-0.113558196
taes medicine heal crippling depression,0,1,-0.021985918
around half year ago experiencing symptoms depression diagnosed 3 months ago scratching point bleeding still happening,0,0,-0.8235143
welp im goign depression,0,0,-0.64523846
many health conditions affect qualityfrom asthma allergies depression dementia connections know pictwittercomsualujliwi,0,0,-0.55396646
need help healing grief heartache podcast full surefire techniques healing coping breakup divorce death loved one pet pictwittercomesgbroknjt,0,1,-0.043559305
difference anxious every anxiety difference sad depression know difference go read book open mouth try tell someone get,0,1,-0.33434996
precisely point im single purpose anxiety depression issues dont want make another person deal issues used think problems would go away relationship realized true,2,0,-0.6710355
struggle depression anxiety offer area g4 recoverysupport ministry look curriculum check website,0,1,-0.15968816
real food potent ally depression,0,1,-0.0192298
cat depression signs causes treat,0,1,-0.4548568
signs symptoms depression teenagers ask experts questions twitter chat teen depression may 3 3 pm et pictwittercompmbea8df5p,0,1,-0.27545488
cmo shares concrete strategies beating blues,0,1,0.081689484
teen charged manslaughter encouraged friends suicide maya murphy pc pictwittercomvkreuw83jm,0,0,-0.7807234
moms depression tied kids emotional intellectual development pictwittercomuhbsxsept7,0,0,-0.5517242
next step beating depression deleting sad music phone im sorry abel love death heart cant take emoji shushing face,0,0,-0.82127446
modern society making us depressed entertaining podcast looks extrinsic values western culture produces like junk food ingesting abundance junk values driving alarming rise depression society,0,0,-0.93868685
real treatable condition take online selfassessment determine seek professional help visit,0,1,-0.101858966
day 1 admitting problemyou cant exactly help recovery something dont admit problem first place problem depression anxiety need professional help itfrom plan work towards,0,0,-0.6765341
emoji loudly crying face agree luna depression support group pretty much sounds like kind thing first youve got depressive tendencies requires planning try stick around people know go sort cycles know,0,1,-0.39066565
took fattest l several ap classes im thriving im glad anxiety depression emoji face cowboy hat,5,2,0.8601448
ketamine could become first new depression drug 30 years,0,1,0.025466636
know warning signs eating disorders important pay attention especially child experienced sort trauma sudden life change may struggle depression,0,1,-0.43596804
cant guarantee youll turn superman consistent usage customers feeling super pictwittercomggbptcfyks,8,1,-0.17292142
gets left behind teenage years replaced intense memes depression honestly bad tbh,0,0,-0.9565686
depression pictwittercomap6j1plfxb,0,1,-0.33916578
someone comes comfort dealing anxiety depression mental illness love everything go story one time anxious really sad,0,1,0.13124721
depression choicedepression choicedepression choicedepression choicedepression choicedepression choicedepression choicedepression choicedepression choicedepression choice,0,0,-0.6234893
every thought battle every breath war dont think im winning anymorei cant eat cant sleep im well terms functional human every little thing constant reminder escape depression sickness matter,0,0,-0.67536986
battling deep ass round depression last week havent even twitter watch kanye lose little credibility left,0,0,-0.8827569
certainly enjoy havimg depression,0,2,0.4289583
anxiety mixed depression worst emoji persevering face,0,0,-0.78860545
low priority sectioncurb depressiongo rehabacknowledge behavior sign oncoming societal collapse another dark ages,0,0,-0.77294165
wrote piece blog called benefits writing mental health read mentioned piece story wrote help depression share blog,0,1,0.17321017
keep eye neurostars first national tv ad airing week spreading awareness tms therapy depression,0,1,0.27195954
holding baby cured depression cleared skin dude,0,2,0.6544434
sucking dick cures depression,0,0,-0.9414276
depression kicking 3 im listening daughter pictwittercom5ugzrjj8zh,0,1,-0.26093006
pretending depression isnt constantly smothering pictwittercom18e0c9dycr,0,0,-0.53221965
well geeez ashley dont know suffer depression well trying cheer thank rudely educating,4,0,-0.42966944
need know spotting signs young people work bring close contact teens 3 common symptoms watch,0,1,-0.007370468
please pray people struggling depression especially youth im er daughter right took bag pills suicide note school today spirit suicide go,0,0,-0.5797041
indeedemoji electric light bulbwhat thinkwe need new ways treating,0,1,0.061704747
remembering dad weeks passing losing last straw thing finally broke pictwittercomaemtrt94vp,0,0,-0.48522907
medication crisis catalyst depression recovery rebuilding polymath creativity,0,1,0.09109234
battling anxiety depression emoji person folded hands medium dark skin tone pictwittercom99vmshcbsv,0,1,-0.39063254
maybe stand outside sun 24 hours ill soak enough sun cure depression week,0,1,0.44100824
bout make much difference less depression,0,2,0.51288164
suicide joke depression joke mental illness joke quit faking suicides clout notices attention etc shit okay people actually struggle suicidal thoughts etc taken seriously bc shitty ass people faking suicides,0,0,-0.95133626
wena audiomy remedy depression,0,1,-0.22995335
fill time day people enrich shut noise,0,0,-0.6108546
saturday morning rve mvment class depressed wanted alone idk actual depression sleep debt hungry maybe,0,0,-0.6637577
like know youll antidepressants life,0,1,0.024415374
cause cancer cause depression trigger anxiety possibly trigger schizophrenia,0,0,-0.82023376
lmao someone come slap depression pls n thx,0,0,-0.49616328
work teens want know spotting signs young people 3 common symptoms watch,0,1,-0.07741371
deserve nobel peace prize punching bitch face told im using depressionptsd caused brothers death less year ago excuse get job,0,0,-0.9559322
depression hits anxiety,0,0,-0.77012014
moms depression tied kids emotional intellectual development,0,0,-0.648402
rain dark skys muddy streaks reflect depression vibrant colors reflect state happiness state mind cloudswanting see colors feel pain key emoji key wan na fly high skyemoji sparkles,0,1,-0.011439547
hate depression flares personally like cmon got shit stop making weepy depressed asshole,0,0,-0.97903913
look depression pictwittercomlxeyrwlmlv,0,1,-0.15243652
love depression music,0,2,0.6818102
cant relate depression jokes atm manic bitches wheres relatable inappropriately excited chaotic content reaction images im drawing 5 pics simultaneously 3am thinking dumb shit buy next mood,0,0,-0.65727293
fresh news moms depression tied kids emotional intellectual development published creative tips,0,1,-0.09170386
whole drama surrounding tells two things nigerians clue mental healthdepression twitter friendly place,0,1,-0.33361706
think depression manifested aggression ive never wanted beat somebodys ass much,0,0,-0.9673649
reason raining depression come back shadows,0,0,-0.5759067
hqs depression even thing,0,0,-0.65397877
vast majority people mental illness violent wasnt depression anxiety mere eccentricity even kind delusions unlikely acted violently clear signs real danger,0,0,-0.84077007
moms depression tied kids emotional intellectual development,0,0,-0.648402
moms depression tied kids emotional intellectual development,0,0,-0.648402
moms depression tied kids emotional intellectual development pictwittercombfsuxvrk5y,0,0,-0.54376316
moms depression tied kids emotional intellectual development pictwittercom1ppt01a1ig,0,0,-0.59210825
moms depression tied kids emotional intellectual development pictwittercom1bq2pavwag,0,0,-0.544587
moms depression tied kids emotional intellectual development pictwittercomkf8krzpf2t,0,0,-0.5030106
moms depression tied kids emotional intellectual development pictwittercomkxbw40vztd,0,0,-0.5257483
moms depression tied kids emotional intellectual development pictwittercommagtuxq3pe,0,0,-0.54822963
moms depression tied kids emotional intellectual development pictwittercomw0w75igalj,0,0,-0.53698665
moms depression tied kids emotional intellectual development,0,0,-0.648402
moms depression tied kids emotional intellectual development pictwittercomkz4vsd4cnr,0,0,-0.5026751
think night tonight consist hearty game fortnite depression nap crying fit shameless sleepy time,0,1,0.0653151
moms depression tied kids emotional intellectual development,0,0,-0.648402
moms depression tied kids emotional intellectual development,0,0,-0.648402
moms depression tied kids emotional intellectual development,0,0,-0.648402
moms depression tied kids emotional intellectual development,0,0,-0.648402
moms depression tied kids emotional intellectual development,0,0,-0.648402
moms depression tied kids emotional intellectual development,0,0,-0.648402
moms depression tied kids emotional intellectual development,0,0,-0.648402
us allow depression life decisions,0,1,-0.3931243
moms depression tied kids emotional intellectual development,0,0,-0.648402
moms depression tied kids emotional intellectual development,0,0,-0.648402
moms depression tied kids emotional intellectual development,0,0,-0.648402
crying im entering deep depression cant eat cant sleep thats worse pain emoji loudly crying face,0,0,-0.96852297
taking depression nap,0,1,-0.22012693
1244 pm depression still bed emoji disappointed face,3,0,-0.7658248
went doctors depression man try prescribe something hopped straight maybe stigma maybe people know take say maybe higher powers saving,0,1,-0.028687976
therapy skype online skypetherapy effective mindfulness therapy overcoming anxiety depression people see big improvements within 34 weeks contact learn schedule skype therapy session,0,2,0.8706053
jonathan lp andrew lf 2016 depression children adolescents university kansas clinical child psychology program,1,1,-0.15367147
hell yeah man youve got thismy depression,0,1,-0.05029969
taught school ever independently researched great depression prove disprove taught,0,1,-0.08990823
aaaaaand comes depression waiting,0,0,-0.49039882
manic depression bipolar disorder thing,0,0,-0.6835565
got mattress topper crippling depression isnt reason want stay bed day,0,0,-0.6969644
exercising regularly cuts risk depression 16 study suggests pictwittercombwubstnjh8,0,1,0.19214797
hmmdid know 350 million people suffer globally help winning universe theres purpose use stardom good cause betterment society,0,1,0.17853683
im cold put jamjams aka depression uniform,0,0,-0.45365867
crescent shaped depression,0,0,-0.53987795
depression cured pictwittercomkuh342ppjg,0,1,-0.21108192
moms depression tied kids emotional intellectual development reuters,0,0,-0.66885394
depression eating rn wan na go sleep got ta go meeting tomorrow im getting told im still bad job hunting everything terrible rn,0,0,-0.9586037
todays beautiful day depression got fucked,0,0,-0.3875194
almost become cool anxiety depression like mental illness isnt cool absolutely terrible terms used disgusting,0,0,-0.9746917
rappers go thru depression everything theyve ever wanted cant relate,0,0,-0.6643185
sits depression corner sobs,0,0,-0.621893
asmr cooking videos cured depression,0,2,0.6399227
youre finally feeling good depression reminds,0,2,0.84538245
depression something doesnt go away deal stay situations going trigger,0,0,-0.6586184
psychology teacher assigned essay depression teens im go,0,1,-0.38250694
interesting mentality thanks replying years battling anxiety depression eating disorder getting help needed havent seen pop things always change maybe dormant,0,1,-0.10479671
lets plays depression culture,0,0,-0.58089936
life getting way depression naps,0,0,-0.44942757
struggle overcome depression payment varies study 500 pinellaspark,6,1,-0.21015415
video cured depression,0,2,0.45547503
id like say beating people frowned uponi exercise keep depression bay guess helps stress definatly relaxinghot bubble baths good book loud music driving windows,0,2,0.50700784
get depression sprinkles,0,1,-0.15490372
idk think like stuffed toys would covered tears sweat bo depression like thanks thanks,0,1,-0.029218003
eating like pig depression,0,0,-0.878484
julia researched lyme disease possibility lyme patients depression anxiety symptoms,0,1,-0.43921992
depression sucks,0,0,-0.9507912
honestly think dandruff trying slick else would touch much caress hands unless theories true might might explain depression maybe would prefer gay,0,0,-0.45926717
lifestyle factors course depression older adults nesdo study via 360 medics,0,1,-0.11421306
daily battle struggle,8,1,-0.3706169
exercising regularly cuts risk depression 16 study suggests pictwittercom4qyir3iknt,0,1,0.19072627
real answers man whos come darkness major,0,1,-0.22029637
um bitchdepression hit like truck today,0,0,-0.9559201
got elevator 30 minutes anxiety depression awoken,4,0,-0.5711185
avocados boost serotonin levels eating good way beat depression,0,2,0.7939915
normal feeling like postpartum depression jst emosht emoji slightly frowning faceemoji disappointed relieved face feeling worried,0,0,-0.63431674
depression like exist,0,0,-0.8231514
slept 11 hours thats excellent gauge bad depression currently,0,2,0.74839336
feel depression session kicking emoji smiling face heartshaped eyesemoji smiling face heartshaped eyes,0,1,0.07380058
really mean know depression bitch nah life good got job man friends family dog cat grades good im great,0,2,0.7964657
imagine god whispering ear letting know everything happening gone every every mistake every failure depression gone gone,8,1,-0.13509895
shoutout depression hitting like brick youre true one honestly always count make shit mood,0,0,-0.8279644
depression 0beck 1,0,1,-0.3042887
vapor funk cured depression,0,2,0.5286715
thread vines cured depression pictwittercom9ak2f5ryoo,0,1,0.32345745
handle loss mother pictwittercomtt7spj7qmg,0,1,-0.3906653
depression message illness lets know must change way made think bringing god back right waysee start preview reduce mental illness suicides highest 30 years psychiatry clue,0,1,-0.28599828
seriouslyppl judgemental makes himher expert depression illness,8,0,-0.9446631
youre able pull depression thats great dont make seem like works work everyone boo mental illnesses ppl cope big spectrum even believe bullshit like,0,2,0.31710693
life really depressing,0,0,-0.95620894
soooooo hate upfront birthdayyyyy chance putting unicorn crown store day celebrate im im day 6 depression realizing missed chance get one emoji loudly crying face,0,0,-0.9406328
ive heard people getting entirely unrelated recommendations like new aaa shooters liked indie puzzle depression gx whateverbut hopefully real related stuff slide,0,1,0.26541948
took depression nap want continue sleeping im,0,1,0.035594553
depression read occurs felt need make decision solve issue may realize time,0,1,-0.31226513
best options depression treatment,0,1,-0.13625567
feeling way years moms dealing lung disease depression kicking ass im tryna impress people barely pick phone ask im shit wild pictwittercomcwvifkqdub,0,0,-0.8197621
fight depression loneliness crime docs thanks golden state scum im watching horrific things becausei never know murder shows alleviate anxiety depression maybe makes feel like detective maybe miss robert stack,0,0,-0.8682335
perfect threesome rcb depression rcbian,0,1,0.09611781
oh definitely depression stems medical conditions help w dietexercisemedsetc practice mindfulness feel much better opposed im mood mindset life sucks life always suck balancing act forsure,9,0,-0.55306196
feel like ending life try zav good programme teach write using ten fingers better razor youre fighting depression know dont wan na anything good way end pain,0,1,0.028282523
lack sexual interest symptom depressionme explains sooo much,0,0,-0.56477237
tried positive actually thought depression fueled positivity havent tried yet,0,1,-0.111765265
emoji weary face depression letting promise trying,3,1,-0.16855982
depression removing self restraint longterm planning due inability picture future beyond whats directly front,0,0,-0.5057025
fffssss depression szn,0,0,-0.62544227
mental illness uniform experience cut dry monopolar depression gets gnarly gets ugly people get hurt dont get claim stigma turn around join mockery others suffering right,3,0,-0.9331781
hold onto depression fades away,2,1,0.050720736
ive read worst ive depression holiday couldnt work properly two weeks row wasnt hectic situation though rest important working achive goals,0,0,-0.9051868
also act self harm brought depression 6 years tory austerity act self help get us brexit madness,0,0,-0.85402966
front row gravure membersback row depression,0,1,-0.38545915
im pretty sure thats called depression,0,0,-0.4862889
small question already getting medical help depression today,0,1,0.040948555
everyone capacity immediately understand material taught everyone strengths weaknesses stress dealing something person isnt generally good overwhelming also depression sucks causes crying,0,0,-0.786505
doctors thinking abt tell doctor idk much meds help depression v much ive distracted retribution excitement thats overcome daily self loathing bad thoughts,0,1,-0.30272627
depression calming chilling take anti depressant pictwittercom13cwwchdsc,0,1,0.24617708
need friendk jb main us naraaz houn wo khana chor mari mari phire depression main chli jae aur dp b remove kr,0,1,-0.27554008
depression myth,0,0,-0.7001656
parents attentive mom anger issues depression abused teenager lost job 15 barely came room dad justidk got less present got older especially divorced,0,0,-0.75394195
depression strikes,0,0,-0.7432705
rainy love rain rain like triggers depression feel like shit rn,0,0,-0.44294178
proceeds may 12 dreambuilders ball support innovations like volunteer companion program donorfunded program volunteers visit patients listen show compassion combat loneliness depression admitted patients,0,2,0.54475045
could one puff cannabis ease depression medical news today,0,1,0.24214314
agreed bullied relentlessly came point leave secondary school home schooled developed panic attacks clinical depression severe anxiety disorder etc things need change,1,0,-0.9273126
youve probably already decided youre going im sure person actually understands hard depression trying make feel bad wishing happy birthday anyway always youemoji heavy red heartemoji heavy red heartxx,0,2,0.6517547
birth control way onslaught horrible side effects one depression,0,0,-0.95420694
fighting depression pictwittercomqnmsdrodqr,0,1,-0.28975928
mother put world knowing life hard n jinks blame bitch depression,0,0,-0.7885738
dp spearheaded huge initiative spread awareness mental health talking depression helps erasing stigma associated wdepression yeah bitter aish fans aishs achievements duplicated dp pc get yall threatened,0,1,0.17261936
aaaaayyyyy momma trynna take depression nap later,0,1,-0.067043684
postbook depression book withdrawal whateva call emoji loudly crying face,0,0,-0.544539
consider strong minded individual ive gone lowest point idk others would handle would hate ppl go depression anxiety mental issue alone,1,0,-0.8525413
well hes idiot doesnt see real like see great smile winning personality shining heartand female engineer boot yes frazzled depression peel back onion nothing laugh beauty inside,0,0,-0.56654495
changes diet cure depression,0,1,0.0776542
could one puff cannabis easedepression pictwittercomz185urghu9,0,1,0.01109013
could one puff cannabis easedepression pictwittercomhxasdjg5mm,0,1,-0.03662629
could one puff cannabis easedepression pictwittercomo1v7mknpkl,0,1,-0.029765677
go mental institution get diploma depression minds,0,0,-0.76718295
added video playlist last words depression based,7,1,-0.21109717
im gon na clean room feel better myselfme haphazardly shoves clothes depression chair drawers,0,2,0.5744593
nothing like crippling anxiety depression building til cry front instructor,0,0,-0.8742972
fight depression productivity,0,0,-0.45329675
depression real idnt wan na,0,0,-0.7057288
depression mental illness stigma taking medication fix stigma people need dont afraid try try something deserve real like im still trying figure im excited 2223,0,2,0.7315178
weed helps depression tho emoji man shrugging medium skin tone,0,1,0.42892632
let depression anxiety rule let affect writing pushing corner blaming everything everyone one failure lack progress work except one thing really causing much long spoke 1623,0,0,-0.75435203
emoji heavy red heartboris emoji raised hand fingers splayed medium light skin toneemoji heavy red heartemoji rainbowemoji dragon,0,1,0.17250293
depression emoji pouting face,0,0,-0.38189986
hasnt depression groan added diagnostic criteria mean 247 im justughughuuuughhhhhhhhhhhuuuuuuuughuuuuuuuuuuuuuuuuuuugh,0,0,-0.91314805
thread months ago took steps address mental health think ive known long time ive anxiety depression issues chose ignore lean turn nose like superior somehow wasnt im 123,0,0,-0.48484316
try keep social activities even dont feel like itll help,0,1,-0.33137625
falling shipping partner pulled depression constantly saying leaving wanted delete dropped flipped account shipped got someone make character,0,0,-0.76576865
cures depression pictwittercomzo9c1hgs73,0,1,-0.23393953
transparent moment sometimes go spurts struggle feel emotion oftentimes make conscious effort feel emotion think happening naturally read somewhere could symptom depression,0,1,-0.26314834
shoutout depression naps,0,1,-0.24786636
senior correspondent member peer support network,0,1,0.009813841
mom died last week dont relatives im alone hard today first day without anxiety depression wan na live give fight like mother,0,0,-0.5579279
isolation depression entrepreneur phil hayesst clair,0,1,-0.27929
episode 13flat fit listen explians overcame severe depression started fitness company tune pictwittercomsaxildoibq,0,1,0.2288324
depression new obsession,0,0,-0.6213448
ive fighting severe depression extreme anxiety 56 years anyone close knows lengths ive went escape im still fighting say feel coming winning end lot around emoji heavy red heart,0,1,-0.33963102
stop dopamine mood elevation norepinehrine activity b receptors increases sympathetic activity serotonin levels decreased anxiety depression oxytocin causes uterine smooth muscle contraction active phase labour period,0,1,-0.26793152
yes depression round yet pictwittercomoiqlygpwbw,0,1,-0.1025549
anhedonic depression,0,0,-0.63592637
im depressed depression always attacks dont feel ok everyday im fighting depression supposed happy today people days doesnt care people feels,0,0,-0.86298776
prescribed medication depression granted illegal sk selling unlike others shes humiliated unable work want keep kicking someone whos already leave alone,0,0,-0.8963716
depression slowly crippling seems days leave house work otherwise im bed,0,0,-0.8825473
next time yall think deepika padukone uses depression struggle sympathy gainer take opinion throw trash shares people like fucking ignorant something 1 5 people face daily basis 3,2,0,-0.94250596
coachella depression isnt real went hardest weekend begging bed shower year lmaooo,0,0,-0.63912344
depression anxiety let know emoji face tears joy,0,1,0.16267388
hear hear ive lived mental illness depression anxiety decades unintentionally celibate issue womens never felt need kill itthese men normal true im tired armchair psych evals,0,0,-0.6741582
lets talk depression pregnancy pictwittercomtk8gyq9v0c,0,1,-0.26668018
im gnna go sleep depression love friends nct wonwoo,0,2,0.8609483
hold phat l depression,0,0,-0.75296205
depression always leads depression realizing leads even depression,0,0,-0.85927504
told cwb worst depression something amazing joy love authors artists never want change,0,2,0.7232324
trump screwing every part financial systems sooner later hes going end sending us depression happened back 1930s man needs read book history economics emoji pouting faceemoji pouting faceemoji pouting face,0,0,-0.9007976
tbt song helped deal depression pictwittercomc1pcxyem51,0,2,0.7510339
couple good days since med change getting bold going hope doc finally found little happinessemoji smiling face smiling eyes pictwittercompgr4baysix,9,2,0.9716891
depression anxiety creeping pictwittercomuxwjl0wuy2,6,0,-0.6813124
depression hunting meemoji tired face,6,0,-0.6824334
depression truck emoji fire,0,0,-0.51808184
im constant state depression,0,0,-0.690971
pulitzer prize winner talks depression suicidal thoughts music therapy via,0,1,-0.11858608
im sorry thats truly case mental health different every person damn research would know homicidal tendencies relate depression way,4,0,-0.7184304
4 years 4 yearsof harassment hatred towards woman wanted take medication depression leave alone please,0,0,-0.8906105
suffer depression pictwittercomjxfgcxyjxr,7,0,-0.6001711
may prevented daily exercise says new study via,8,1,-0.35813898
6 things know childhood depression us news world report,0,1,-0.21432993
finally spoke depression besides believing whole disorder gave blessing go ahead admit hospitalemoji loudly crying faceemoji loudly crying faceemoji loudly crying faceemoji loudly crying faceemoji loudly crying face,0,0,-0.5109779
lots depression thread,0,1,-0.40980193
sadly deep thought think farely difficult describe paralyzing depression struggle stand rights,0,0,-0.78056914
ah vision saw 14 hr depression nap coming way,0,1,-0.17639968
oh ok see period depression gon na double team cuz im little bitch cant stand minor failures know better like letting food expire cooking iti see thx love,0,0,-0.46478328
always try spread positivity dont enough twitter emoji frowning face let know im need anything ive depression anxiety suicidal thoughts attempts curious gendersexuality ill best help 33,0,1,-0.06803091
pulitzer prize winner talks suicidal thoughts music therapy via,0,1,-0.114650235
shame uncertainty short steps away depression anxiety separately together emotions drive brink blot everything else life literally make crazy lewis howes,0,0,-0.7083806
rt treating depression functional medicine pictwittercomq2f1xund8b,0,1,-0.16532412
one puff cannabis found reduce depression read pictwittercomufvae5zyvo,0,1,0.24620244
tried regular conversations depression hes open anything hes also moody around mostly im terrible friend eventually wretched terrible side took decided enough,0,0,-0.8776538
depression youre like since arrived world,0,0,-0.52679384
depression drug addiction dont blend,0,0,-0.8639738
korea hypocritical country cry death someone died depression harass woman tried cure depression pictwittercomq4qxklakn7,0,0,-0.9291258
trust know know well depression anxiety feel like,0,0,-0.6649609
life one long anxiety attack strewn depression etc bad undwell,0,0,-0.9307354
cooked depression,0,0,-0.5963584
know one type depression take read share blog raise awareness,0,1,-0.14447242
depression panic attackpeople get itme suicidepeople omg poor little girl happened made end life like thispeople dont care bout u u r alive care bout u get news bout uits true said pictwittercombvrxuhwkp6,0,0,-0.8670134
hes extremely emotional person would honestly rather sank depression go way,0,0,-0.81050974
ask hn effective methods fight depression,0,1,-0.13234003
im miserable type wants company im type whats left alone maybe thats depression,0,0,-0.83234644
love good depression nap,0,2,0.87693197
mom told depression started cutting told issues ed told im hypersensitive,0,0,-0.78473777
mean think im funny apparently social media slight cause concern may cause depression previously mentally stable viewers eh soz opps x,5,0,-0.65717053
early bird depression turned unwilling night owl worst,0,0,-0.9375402
study identifies new method treat bipolar depression pictwittercom9zidakezjw,0,1,0.005515307
obama got us severe recessiondepression bush got us thats fact cant change typical magat cheeky remark,0,0,-0.72112954
million memes daykeep depression away,0,1,0.37660488
sonic mania plus cured depression,0,2,0.66791743
crippling depression road chair,0,0,-0.6941054
thats absolutely true really shouldnt talk like depression making feel like isnt really,0,1,-0.24932782
love struggled depression high school need lift,8,1,-0.010536864
oh okay solid week feeling normal good positive slipped back feel terrible deepness depression swear youll carry feeling good wont slip back hate urself 4,0,2,0.46797335
went straight depression,0,0,-0.65268356
dont settle defeat wants overcome,0,1,0.02535145
todays depression brought overwhelming sense detachment followed past transgressions gon na good day emoji unamused face,0,1,-0.049953803
took fattest depressionsickness nap wow im proud,0,2,0.9062971
people mental illnesses,0,0,-0.7764363
1 4 sa workers suffers depression shared via,0,0,-0.524885
love depression hour pictwittercomxkad37qe7o,0,2,0.67729074
largepopulation studies look associations resulted list genes mutated create risk depression anxiety ex mdd1 mdd2 related major depression disorders list growing many genes playing role ns,0,0,-0.623419
common may think shares process piece,0,1,-0.049817737
exercise depression sweating good mental health,0,1,0.23330471
ask hn effective methods fight depression cmts,0,1,-0.1554811
used live battle back operation 5 years said depression causing 247 muscle spasms eventually got discovered body rejecting spinal rods inserted 9,0,0,-0.7294849
support scientifically debunked fact youve clearly never experienced severe mental illness situational depression long term depression thing suggest research genetic factors cause depression bipolar,0,0,-0.70524126
young life podcast depression 101 via,0,1,-0.24617617
ask hn effective methods fight depression,0,1,-0.13234003
depression drug addiction dont blend,0,0,-0.8639738
exercising regularly cuts risk depression 16 study suggests,0,1,0.22501624
photo cleared acne cured depression extended lifespan pictwittercomjze6yfy2uj,0,2,0.5420059
ok whens summer coming like snow rain making seasonal depression stay longer,0,1,-0.104087844
probably living street eating soup kitchens sort depression disorder,0,0,-0.7206976
holding 24hour charity stream dedicated someone struggled depression charity near dear heart tune friday show support guys pictwittercomesljdighjf,0,1,0.44539225
single drag alleviate depression 2 ease anxiety 10 slash stressstudy sheds light psychoactive compounds cannabis affect levels stress anxiety depression,0,1,0.050222628
ill agree disagree solving selfesteem depression issue stops ever getting murderous obsession imo,0,1,-0.26330978
honest truth part genesis curriculum something kids face world today depression pictwittercomounvazorhe,0,1,-0.1332745
tried buy tickets may 5th brea stubhub bought charging 3x price friend social worker said battling depression really wanted bring laugh together salaries cant pictwittercomrcxoc5g0kx,0,1,-0.08779468
looking gave depression depression,0,0,-0.70899004
depression existsme today bitch,0,0,-0.9015756
aesthetic depression mood anxiety,0,0,-0.60922563
know praying woman please pray im going depression bad something got give cant take much keep prayers im going harm myselfi lost wife last year rough married 41 years,0,0,-0.6946323
jst waste society kenya dont know insulting someone cause brain damage im talking depression,0,0,-0.94610834
could one puff cannabis easedepression,0,1,0.052404568
depression moodemoji heavy check mark,0,1,-0.17950556
depression sparkles fading sunshine,0,1,0.15476787
liked video stories great depression,8,2,0.9079282
knetz guys really supporting drug addict criminal disgustingno defending someone took legal prescription medication help depression,0,0,-0.96131915
wuah think im falling depression already,0,0,-0.8331582
whatever want cause u never need someone lowestdepression real anxiety nonsense mood swing normalbut comes ur case u anxious bout itwhat feelings,1,1,-0.3155632
rant thinkpeople always ask always depressed never talk much answer simplelike severe depression anxiety well ptsd put wall around hard admit others even harder admit,0,0,-0.70885676
used really bad relationship eating cuz id depressed get esp last relationship lost lot weight became really weak im mad eating 3 meals day didnt fix depression wtf,0,0,-0.9485241
spending day using create media production show knowledge great depression,0,2,0.62343633
reason mia 3 4 mouth going lot things basically short depression state mind maid even worst nobody never check,0,0,-0.9113917
honestly anxiety cripples depression emoji face cold sweat wish people understood,0,0,-0.93470216
depression real bruh,0,0,-0.76320505
emoji loudly crying faceemoji loudly crying faceemoji loudly crying face study abroad depression real rn,0,0,-0.8601625
thanks helping bring light huge problem childhood fun laughter trauma abuse anxiety join us helping regain childhood,0,2,0.8046984
gon na weight fall deeper depression,0,0,-0.60519665
recommendations deal depression methods anyone share,0,1,-0.07737185
wages aka conciquences death hell rom 623 furhermore dont consider sucide anyway least context stuff like depression tragic side effect illness,0,0,-0.9218591
would spiral depression thanks,0,1,-0.337903
10 things say someone depression thread pictwittercomecnttdiarv,0,0,-0.5143224
would like dream come true best thing could happen today woke crying depression killing emoji sleepy face,0,2,0.58281547
stock market worst second quarter since great depression,0,0,-0.93117476
god speaking series struggling abused support healing jesus visit navigate pathway freedom christ pictwittercomz0uma4rrpc,0,1,0.0938108
depression kills,0,0,-0.9214232
depression works lot ppl,0,0,-0.5916941
go school requirements peer pressure anxiety followed depression,0,0,-0.6808939
types depression cured making life style changes us true chemical imbalance caused unresolved trauma type shit frustrating,0,0,-0.91488403
exercising regularly cuts risk depression 16 study suggests pictwittercomz8nmgbvebu,0,1,0.2024489
know dad one ever given shit much weed smoke like smoke smoke dont smoke help anxiety depression actually helps lot like something helping bad,0,0,-0.3183473
please gentle love stop romanticizing depression anxiety ever exhibit like something youre proud ofknow worthdont keep thinking himher doesnt love back id broken u descend situation,0,0,-0.31624955
depressionnapping 5 days straight,0,1,-0.35437375
depression meal roughly 8 servings cold peas apple 3 chocolatebutterscotch chip cookies,0,1,-0.17177565
hate feeling like im sinking depression sucks especially 6 million things piled top emoji pensive face,0,0,-0.96248746
know depression drug addiction dont blend,0,0,-0.7987327
exactly alcohol easy obtain takes little time serious damage whether immediate drunk driving alcohol poisoning long term alcoholism marijuana helps w anxiety depression nausea pain seizures etc world backwards,0,0,-0.5809195
amazing literally cant control depression anxiety yet get trouble one covers sorry trying teach im panicking,0,0,-0.9005941
flowers everyone drives one notices theyre everywhere wild weeds theyre beautiful worth notice hello flowers pictwittercomma1cvaq4q9,0,2,0.96660596
oil potential fight migraines depression anxiety even cancer,0,1,-0.42747134
ppl tl liked tweet selfcare cure depression essential oils stop hallucinations paranoid delusions,0,1,0.037181973
call bs anyone deserves credit president obama putting brakes worse recession history almost lead depression obama adms getting economy gwb reps managed almost demolish back tracks,0,0,-0.74162155
social support rest ritual food storytelling touch common among cultural practices f parks,0,1,0.1088856
fat ass wont help u keep man get ahead ur career unless ur stripper wont help ur depression save ur friendships chile,9,0,-0.8497329
fren depressionme u diagnosedfren know depressionme yea u diagnosedfren know dome u knowfren tears im sad time life sucks fake weeping sounds,0,0,-0.9413334
smile cured depression emoji heavy red heartemoji kissing face closed eyessee minseokie emoji face throwing kiss emoji two hearts pictwittercomjriuabxx0g,0,2,0.49408033
im gon na depression,0,0,-0.5077092
loved ones suffer depression anxiety help loved ones medical community makes difficult know difficult get mental health professional current channels,0,0,-0.69657314
cross line youre sick people faking anxiety ocd depressionsuicidal thoughts actions attention,0,0,-0.96594745
depression anxiety stress emoji face cold sweatemoji face cold sweatemoji face cold sweatemoji loudly crying faceemoji loudly crying faceemoji loudly crying faceemoji loudly crying faceemoji loudly crying face,0,0,-0.77146
sleep deprivation affecting health pictwittercomf6q3d1mq5l,0,1,-0.46237755
little quiet since last weekends awesome workshop also little blue depression,0,2,0.85758185
bullcrap dont miss us know much trouble caused caused server die caused go spiraling depression came house accused crap didnt etc never contact,0,0,-0.9675957
exercising slash risk depression via,0,1,-0.25735644
dont work self theres anxiety leads depression dont want,0,0,-0.9229181
dear ladies crippling depression tried smiling random man stopped tell must solution emoji smiling face smiling eyes,0,1,-0.33395627
exception grieving treated dsm changes,0,1,-0.099995874
movie worsened depression tbh wan na die pictwittercomfyguwhvynh,0,0,-0.75930774
join twitter chat teen depression may 3rd observance,0,1,-0.0951823
depression ugly beast,0,0,-0.94593817
study shows hrv testing differentiate bipolar disorder major depression pictwittercomr726xud64w,0,1,-0.23740722
great depression prolly best album listen right,0,2,0.93175906
4 years since people started hating bom taking medicines depression cant compare serial killer nothing taking care mental health nothing wrong,0,0,-0.84963584
living bleeding disorder challenging causing isolation feelings hopelessness finding solace understand going paramount join discussion dealing myhemophiliateam,0,1,-0.3857904
themes revolved around tragedy death anxiety depression suicide tough relationships issues relevant current,0,0,-0.6241093
online mindfulness therapy via skype anxiety depression inquiries welcome,0,1,0.33554763
want everybody take depression vocabulary,0,1,-0.31529874
negative thoughts destructive emotions bring pain unhappiness depression misery lives addresses pendemic issues pictwittercomz3vzigseaa,0,0,-0.8822897
im sad dont know assuming depression deciding kick teeth like asshole,0,0,-0.9604152
develop therapeutic processes,0,1,0.1011481
depression simple taking breath breath high depresssssed pictwittercom58ntkqutir,0,0,-0.48451462
girlfriends dog always looks like shes suffering severe depression boy relate pictwittercomu6zoe0rgq3,0,0,-0.85236603
depression jokeplease help need,0,0,-0.4286505
could one puff cannabis ease depression,0,1,0.24943049
hate belief anxiety depression push people create better content obvi stuff make going reflect feelings expiriences anything mental demons make doubt every little detail work support homies emoji purple heart,0,1,-0.28912002
troll gagan understand frustration going concern frustration continue till 2024 modi back please consult good doctor depression might get general elections next year,0,1,-0.2799753
help individuals define goals plan action gain insight,0,1,0.25620848
book tackles subjects like grief depression anxiety first love first heartbreak extremely hard write times feels incredibly worthwhile,7,2,0.8365783
think religion spirituality scams plz find good way cope w depression illnesses cus often thats spiritually helps ppl dont one ppl complain day youre miserable,0,1,0.12511693
waking 8 hour depression nap pictwittercomlkz3kzqcw9,0,1,-0.1879825
one puff cannabis could ease depression stress anxiety,0,2,0.52107227
12 people loose interest every thing thats case many global population dont focus goal devoted neither interested voluntarily people left either boring life depression,0,0,-0.8767322
queen cured depression,0,1,0.29477033
encourage individuals discuss emotions past experiences,0,1,0.12925959
ion think ill ever forget mom telling depression weak wonder refused let see therapist emoji upsidedown face,0,0,-0.6012528
emotionalmen repress emotions appear masculine super damaging hence gender variation rates suicide depression diagnosis x fight x,0,0,-0.8958771
higher rates depression sexual minority youth via,9,0,-0.5462409
ketamine shows promise fast relief depression,0,2,0.69423944
28 unexpected coping techniques people recently attempted,2,1,-0.23366433
last roughly 150 years weve engineered grains higher yields drastically increased gluten leavers caused myriad inflation related problems grains directly linked depression also,0,0,-0.65168947
rt could one puff cannabis ease depression,0,1,0.25080648
1 20 us children teens anxiety depression,0,0,-0.58412623
starting big one top leading cause dug abuse alochol abuse depression easy get battling fight thats hard overcome regardless reason none business anyways people stating rude ass comment,0,0,-0.7855093
ill barely depression,9,1,-0.26567578
shoes wheels depression doesnt stop,0,0,-0.8126853
postshow depression addams family weird sporadic weak heart cant take heres pictures show pictwittercomsxdiowjzup,0,0,-0.8834712
smith amber moon stars heritage depression glass compote fabulousfinds1 via,0,1,0.14709815
true cases managers misread signals symptoms depression also requires managers understand teams terms people management informative article emoji person folded hands,0,0,-0.5689116
added video playlist vines could cure depression,0,2,0.5492593
great record interview yesterday discuss research showing protective effects pa depression international study,0,2,0.88909113
depression hard need find way prevent think something negative ofc hard time alone crying mad time smh,0,0,-0.8145964
like depression,0,0,-0.5735154
happy know help symptoms depression anxiety hypertension visit website read research resources page book next appointment online pictwittercomjnsrmbdasu,0,1,0.10375866
happy emoji leaf fluttering wind research indicates gardening great healing plus get harvest healing foods boost microbes dirt makes happy pictwittercomed2ng7dkll,0,2,0.9500421
supporting mental illness cant limited depression anxiety wish friends could seen acted pretreatment make fun people serious mental health issues degrading people love,0,0,-0.7959225
women struggling get pregnant elevated anxiety depression levels similar women heart disease cancer via,0,0,-0.8428437
1st ever tweet want see far gets im struggling severe depression moment look wouldnt think call friends family face hide hidden demon inside im getting help smile hurts pictwittercom2gh0h6avix,0,0,-0.5516523
80k debt vs 40k happiness vs depressionemoji face tears joyemoji tired face,0,1,-0.27350366
molestation attempted suicide twice yall depression emoji loudly crying face live life according someone elses plan dont seek validation people mean good dont even truly care understand hardships break kill steal,0,0,-0.9211268
almost gave severe depression anxiety finding website work taking free training course changed take care,0,0,-0.84596175
okay time get im spending another day bed wallowing depressionmy brian pictwittercomyw1qk3ar3r,0,0,-0.4381929
im gon na go deep depression killary obama dont go prison life soon,0,0,-0.7420085
sis happened depression emoji pensive face,0,1,-0.13335538
glad winter finally goodbye seasonal depression emoji waving hand sign light skin tonehellooooo normal depression emoji waving hand sign light skin tone,0,2,0.39583486
vintage anchor hocking green depression glass parfait pudding fabulousfinds1 via,0,1,0.16973886
something always gets like currently forced go therapy depression serious illness sick depressing doctors treat grief like intrustive thought medicated away,0,0,-0.8720533
thats ive trying build years grad advisor one best supporters building confidence psychology somebody else believe us healing thing especially mind poisoned depression,0,1,0.38461977
g fam page cured depression emoji face tears joyemoji face tears joyemoji face tears joy,0,2,0.7988933
exercise lowers risk depression ages researchers find pictwittercomggd7wpulrq,5,1,0.1631448
causes insomniaregretself blameoverthinkingangerdepressionlonelinessand,0,0,-0.87806493
post concert depression good unreal emoji loudly crying faceemoji heavy red heartemoji loveyou gesture light skin tone,0,2,0.6933238
kinda funny seeing react mh issue fact one reasons ive going anxietydepression,0,1,0.05141607
tear scrumptious ass depression sandwich,0,0,-0.94644463
depression meal,0,0,-0.678448
almost definition anticapitalist doesnt mean cant considered short term sunsetting fix depression would discuss,0,1,-0.28131258
well hello depression pictwittercomkaailckxtx,0,1,-0.34154642
despite success adulationthe demons never far marvins door drug addiction depression two failed marriages financial ruin fateful tempestuous relationship alcoholic cross dressing preacher father pushed marvin closer edge,0,0,-0.75652134
beginning realize experience depression mania dont know true joy,0,0,-0.7405938
someone script analysis class said yesterday really irking key point lot peoples depression thinking nobody love theyre depressed,0,0,-0.87406355
look life written bydepression,0,0,-0.72917277
parents concerned teenager may depression join twitter chat may 3 3 pm et nimh experts available answer questions pictwittercomlcg9pg0uua,0,1,-0.035077453
month childrens mental health week join twitter chat teen depression may 3rd 3 pm et nimh experts answering questions follow conversation pictwittercompef3epgvyz,0,1,0.03248596
experiencing hot flashes irregular periods sleep disorder depression andor irritability might entering change life also known learn diagnosis treatments bring great relief,0,2,0.43271935
lord jesus powerful name please remove mountain depression kieth forever captive may set free stronghold mighty tools god 2cor 1046 thankyou jesus 4 ur tenderloving care mercy endures forever amen,0,2,0.7832435
probably wont talk ill listen help thats whats gon na make depression go away,0,1,-0.015174776
depression wont let work healthy pictwittercomoupojdcmyd,0,0,-0.8373175
im saying lie id really like see evidence statement eating disorder deadliest mental illness suicidal depression alcoholdrug addiction,0,0,-0.7415302
gon na stay bed till class depression really fucking sucks,0,0,-0.9699667
people dont know cats get depression please sing walk cats best result thank u pictwittercomfi2jx3zzda,0,2,0.3752761
one yer lads tommy tiernan months back depression suicide know women committed suicide abortion considered maybe plastic bags yer heads stop ye seeing reality every abortion child dies,0,0,-0.93979967
love u sm bby tears left cry pure depression,0,2,0.85015297
vintage pink depression glass cherry blossom jeannette platter fabulousfinds1 via,0,1,0.2762144
im tired like life one huge chasm depression maybe go priv yeah,0,0,-0.82852435
set goal losing much weight seeing gained damn much bcuz depression making food changes crazy diet obsessive working regimens changing stuff u put ur mouth,0,1,-0.34624863
one best documentarys watched thank emoji two hearts hope people watch understand depression makes human difficult,0,2,0.7790769
shit good depression killer pictwittercomztfnnfmj3k,0,0,-0.7076227
depression love much,0,1,0.09663524
psychologists treat kind thinking leads depression,0,0,-0.5056581
gabi read tweet someone saying got free depression college felt,0,1,-0.29751015
minor inconvenience convincing weed cures depression fix everything pictwittercomsnxpakbpwm,0,1,0.13024504
hair cleared skin raised grades cured depression pictwittercommf5hoygydz,0,2,0.49939087
electroconvulsive therapy miracle cure depression,0,1,0.31356487
depression struggle made easier cbd,0,2,0.59412867
going bed earlier helps protect depression thoughts suicide least 8 9 hours sleep makes huge difference,0,2,0.68694127
guess meant depression lonely together forever,0,1,-0.3523826
depression main,0,0,-0.702114
worldwide 1 billion suffer anxiety 300 million affected depression 60 million suffer bipolar affective disorder 21 million affected severe psychoses 50 million dementia grow 152 million 2050,0,0,-0.8330652
clinical depression way choose view world causing churning toxic hatred,0,0,-0.9518872
mom stress fact room smells like weed fact suffer severe depression really like sometimes,0,0,-0.87943995
im pretty sure someone exposed term explained meant could avoided alot unnecessary mentalemotional isolation depression extremely useful term wish could see importance nuance really convey,0,2,0.64357835
depression past making baked goods,0,1,-0.37275267
school depression thing bc think,0,1,-0.42837018
fair youve life threatening physical limiting condition havent roof heador food belly clothes wardrobeno wardrobeno hot bath shower experiencing grief yeah understand depression stuff,0,0,-0.81523967
bad life taken tragic turn anyone focuses obsessively particular person clearly mental issues deal perhaps suggest counseling obvious condition maybe routed post partum depression,0,0,-0.7074036
math 60 cause depression,0,0,-0.8226833
one puff type cannabis could ease depression stress anxiety,0,1,0.46544865
anxietydepression dealing guests work come sorts different personalities exhausting days could breakdown second,0,0,-0.7526353
sound unempathetic sound mean rude suicide epidemic dont wan na misconstrued signs depression go overlooked youre depressed need book therapy session talk depression let professional hear,0,0,-0.9338424
dark depression anthey spider anna agynaathavaasi core depression daridram,1,1,-0.3826664
depression joke,6,0,-0.6436927
amadeus peter shaffer gave depression,0,1,-0.39676636
meal could fight depression draft,0,1,-0.017679542
old story politicians ready willing commit australian troops conflict unwilling help vets overcome consequences experiences ptsd depression drug alcohol abuse etc anzac day remembering human cost war,0,0,-0.71633404
stock market worst second quarter since great depression,0,0,-0.93117476
ask weed buddy strain helps,0,2,0.49017382
feel like ive distance people lately much depression im always tired sweatpants time stay home day never go unless school im bored feel like,0,0,-0.8861362
listen heart surely telling keep baby cause abort child 2 years years later decides end relationship regret rest life depression youemoji face cold sweatemoji face cold sweatemoji face cold sweat,0,0,-0.6902445
n broke ass depression continues im fence call parents lunch money dont want bother cope money except emoji weary face stressed rn,0,0,-0.95386815
researchers koltsovo developed drug treatment depression pictwittercomv5c6hhffkd,0,1,-0.14178485
welp depression naps work sad hours closed,0,0,-0.4123002
youve definitely stolen heart atticren emoji blue heart thank much sending much love world talking depression xxx,0,2,0.56418645
podcast come warning may cause depression,0,0,-0.83788455
webcast thursday depression workplace hidden cost organizations bottom line help turn around pictwittercomfqqiszuabl,0,1,0.044481046
please pray currently working blog article depressiondepression joke sensitive issue writing way comfort zonepray wisdom knowledge courage wouldnt able without prayersthank,0,1,0.33185396
pretty sick monthsure seriouscouldnt breathe etcbut maybe deep depression olsackless doughy kevvy going offlineemoji eyesemoji face stuckout tongue tightlyclosed eyes least never apologized 200 yrs bpd like douchey sousa,0,0,-0.87535673
depression sucks,0,0,-0.9507912
online depression cured,0,1,0.019490391
ok ok,0,1,0.24860623
greatest risk loneliness according new research difficulty finding loving one primary reasons pictwittercomsr7dwurdo4,0,0,-0.7019202
wish things didnt bother much smallest thing feel world come crashing depressionanxiety cruel,0,0,-0.9052761
save date may 3 3 pm et join twitter chat teendepression nimh experts hand answer questions use follow conversation pictwittercomfydqzvco2t,0,1,0.06920141
id like thank everyone cooperated cause regarding depression art thieves issues may complete control together help society efforts much appreciated amazing phantom thief pictwittercomq5xfylpmjm,0,2,0.89843124
cure depression,0,1,-0.30682495
heres theory maybe get high revision order escape depression,0,1,0.0045031607
people continuously fall self related stress angst depression lack love easy hurt anything especially havent even cultivated beautiful relationship within,0,0,-0.9205602
5 liters water daykeeps depression awayweh,0,1,0.41546497
heb 1215 bible warns us beware lest root bitterness springing trouble thereby many defiled lead depression sexual others corruption gives us cure bitterness pictwittercomigtduaojpm,0,0,-0.7206768
youre going five stages twitter youre denial next time gon na anger youll bargain try reason theres depression people like soon enough acceptance phase welcome club,0,1,-0.0077870935
impact functioning wellbeing compared chronic medical conditions diabetes,0,1,-0.16005203
perfect time depression,0,1,-0.35860106
real depression hours,0,0,-0.70986545
cant focus studies rn idk depression lazy bitch hmmmemoji thinking face,0,0,-0.8893298
depression stress,0,0,-0.6493834
middle name depression,0,1,-0.32708845
depression necessarily pathological often foreshadows renewal personality burst creative activity moments human life new page turned,0,1,-0.41478857
hmmyes thats true wellshe stop referring depression time speech everyone goes itemoji face tears joy,0,2,0.6875331
sorry understanding depression intthe slightest,0,0,-0.49357077
mass depression thinks,0,0,-0.4953429
ive wearing real hair like week im slowly slipping depression,0,1,-0.16920823
yeah comeshere comes depressionrrrrrrrrrrrrrrrrrrrrrrrrev,0,0,-0.5739171
hey everyone emoji sparkling heart wanted recommend anyone struggling anxiety depression havent found outlet cope definitely recommend arts crafts creative outlet good anxiety depression amount things good day emoji heavy red heart,0,2,0.80798984
clear connections depression chronic pain explanation,0,1,-0.38933444
carry depression every minute every day,0,0,-0.783905
things different month girls losing weight skin glowing im taking heads fortnite job interview tomorrow depression isnt glooming shoulder pictwittercom8pnykwpjqa,0,1,0.4283446
thx 4 rt passive suicidal depression wish didnt wake,0,0,-0.50743693
deal metal illness depression,0,0,-0.6441431
wan na get group hug end im p sure would entirely cure depression,0,2,0.6378771
occupations frequent difficult interactions public clients among occupations highest rates depression pictwittercomzbkzmmxnfy,0,1,-0.37544227
often said cause depression cause death,0,0,-0.8537867
think im fallin state depression,0,0,-0.6647074
monday tuesday beautiful raining albany going put depression,0,2,0.597237
ive got black eye soulmorals hole wish still dead tv said tropical depression,0,0,-0.8043044
love depressiondespair serious reality chemically andor philosophically youre youre alone life matters,0,0,-0.68440163
im bipolar depression,0,0,-0.72721577
becoming rich great depression emoji ok hand signemoji face tears joy,0,2,0.7758436
45 mild depression 2014 one even noticed including 2015 looked back realiseemoji purple heart,0,1,0.2043024
fund raising give final cure depression,0,1,0.28589496
im sure ones said yoga improve depression,0,1,-0.06715302
depression real,0,0,-0.7509352
like kirk fanklins songs regularly talks depression doesnt find way sneak homophobia,0,1,-0.34511003
harvard school public health found females drink minimum four cups coffee per day could lower risk depression 20,0,1,0.33316326
overcoming depression rc blakesjr via,0,1,-0.17474604
depression antidepressants,0,0,-0.49477148
300 million people suffering depression worldwide video youll get action steps start help treat depression symptoms,4,1,-0.23346074
dont think anxiety depression sadness stress impact physical health think pictwittercomoebrrygzvm,0,1,-0.39577723
doctor doesnt provide treatment pictwittercome3g43kncop,0,0,-0.724287
could one puff cannabis ease depression acbt apht bloc chooc cmedt cronv emcv emhv firev gwph hikuc leaft mymc nc ninev ogiv rqbc snnc terc thcxv weedt,0,1,0.03965033
sympathy demons trying cure depression focus getting curropt leaders arrested innocent girl wtf benefit serves jail time,0,0,-0.7868865
anyone gon na try get ahold ill taking bunch depression naps today,0,1,-0.08333846
black patents dont believe depression fam,0,0,-0.49958414
good crisis mode anything yet weather isnt helping depression,0,0,-0.71962035
changed life help football saved depression almost suicide today continue help others,0,2,0.59280473
18002738255 suicide hotline8772263111 addiction hotline8442282962 eating disorder hotline8774550628 self harm hotline8886405174 depression hotlinemy dms lonely thots hotlineshare someone might really need phone numbers,1,0,-0.58505416
depression youre worthlessanxiety cool lets overanalyze worthlessnessmy brain pictwittercomi9ptgg1ktv,0,0,-0.8289102
depression cured,0,1,0.040284276
someone anxiety depression tell need seat,0,0,-0.57469183
memes ironic depression chronic,0,1,-0.3299723
hell isnt location state mind anxiety fear depression demons center problems youre one pulling strings,0,0,-0.7960977
exercising slash risk depression via,0,1,-0.25735644
hair growth abatement depression possible increase psa,0,1,-0.08976371
idk feeling anxiety depression,0,0,-0.7053887
recognition childrens mental health awareness week national institute mental health nimh hosting twitter chat discuss teen depression chat take place thur may 3 34pm follow join conversation,0,1,0.0423208
whos going background checks suppose cant get gun depression autism whatever universally ban weapons war people,0,0,-0.69036657
partying depression turned life upside,0,0,-0.7766589
anxiety depression pizza emoji slice pizza,0,0,-0.43998104
depression anxiety isolating help tough timestwo support groups meetevery thursday wheretake look emoji pointing backhand indexno need book come along theyre friendly bunch emoji smiling face,0,2,0.70773566
witnessing much injustice suffering eventually leads depression,7,0,-0.9497145
im sure liver stoked im taking depression anymore,0,1,-0.34968096
resentment turned deep depression,2,0,-0.8567197
smell depression,0,0,-0.72405386
depression paradox spend twice long bed half motivation wash bed sheets,0,0,-0.4404119
thanks year abuse old job 18 months worthlessness due depression unemployment ive done complete 180,0,0,-0.7004347
weve got heat wayemoji fireemoji fireemoji firewere talking student mental health new data reveals quarter south africans suffer depression weve also got new track testing fake news detection capabilities pictwittercomfbbpnzlrqm,5,0,-0.46859214
stock mkt crash depression caused govt tax spend working 20 yrs cut govt free mkt individual liberty like coolidge would recovered much sooner,0,1,-0.30681688
idk ive gone depression feel lot emotional pain watched tv spoke friends granted didnt leave bed 3 days yeah used distractions,0,0,-0.74165535
hi would like advice relapse depression time bad skipped prayers didnt f hihave consult professional regards depression please,0,0,-0.46667215
depression suddenly cured pictwittercompmcmtwbryd,0,1,0.3446982
depression works much like thisminor inconveniencestressful situation happensmy brain banging pots together death death death death death death,0,0,-0.8872851
1 class 25 1 hospital based eating disorder treatment 1 hospital reestablish bipolar meds 1 witnessed 2 murders recently 1 suspected brain tumor plus usual issues depression anxiety,8,0,-0.78456175
woke im already thinking taking depression nap,0,1,-0.1290872
depression wanima,0,1,-0.4233883
depression intensifies,0,0,-0.87641877
1 20 us children teens pictwittercomjzk1haieya,0,1,-0.024402186
doc treat depression po fight,0,1,-0.28921476
good morning everyone except people told jesus would fix depression let im going therapist first time today,0,1,0.28930146
depression came back,0,0,-0.7947593
point beyond depression anger short suicide murder thats find,0,0,-0.85506725
funny depression cool,0,2,0.8317064
depression kills animals,0,0,-0.962313
sometimes depression looks like able get bed,0,0,-0.6045509
word day depression,0,0,-0.63207877
took day tomorrow 1 seasonal depression lifting im easily triggered right need space empty house woo2 keep busting pants ass fat sooo need shopemoji face tears joyemoji loudly crying facei wish3 im taking date emoji hugging face,0,0,-0.6922314
spent last two days 2 couldnt sleep think would lost mind without internet boredomfrustrationdepression stsring ceiling thinking things,0,0,-0.8451024
thats depression anxiety work cant think simethibg else make go away,0,0,-0.6845861
rt mothers may negatively impact childs iqto know information visit according cdcp mothers depression negatively affect ch pictwittercomxxhdyuai09,0,0,-0.84782827
yoga often recommended depression inflammation true makes sense find relief yoga would also make sense bipolar days feel great days im looking crawl rock,0,2,0.8190311
feel like im losing battle depression right nowemoji loudly crying face,0,0,-0.959822
together end,0,1,-0.24998814
sighmum whats wrongme tiredmum tired havent even done anythingyou dont things get tired called depression hi,0,0,-0.9469048
hi name kuuku struggling disappointment depression suicidal thoughts anger feel lost left behind life also situations needed someone talk definitely talk dm,0,0,-0.67269945
inquisition way relate characters much also game helped though major depression helped push really dark times life,0,2,0.70919186
depression prison suffering prisoner cruel jailer,0,0,-0.9330543
got postnatal depression birth trauma pictwittercomotdrhwyl4r,0,0,-0.5530128
im going twitter bit feeling depressed since passing auntie im upset especially stress ignored sometimes adds depression,0,0,-0.9345142
fact recession could turned depression stopped 2 yrs rep pres coolidge cutting govt spending leaving free mkt individual liberty sector creating growth jobs vs hoover fdr increasing govt spending causing 20 yr depression,0,0,-0.43470952
tomorrows friendly ac mccann vs sevilla depression 2 entry u16s free,0,1,0.3838874
youve got fever caused u depression,0,0,-0.87375706
going back istening older album artist went public depression nutty,0,1,-0.25362757
depression medical proof ie medication,0,1,-0.34523925
really want art feeling motivated cough cough slight depression coughbut yea ill try get redraw done soon altho lot projects school homework,0,2,0.5138232
im goin depression,0,0,-0.57041717
going allow depression take life mental health going downhill im going let,0,0,-0.8988442
smiling even forced indicates mind youre happy turn causes brain release endorphins bodys feelgood chemicals combat depression anxiety,0,2,0.7800419
episode address questions specifically related parenting teenagers dealing respect reasons increased anxiety depression teens managing technology home,0,1,-0.21707878
memes cover depression,0,0,-0.51228106
hi thread cured depression,0,2,0.6801025
theory getting stuck behind slow drivers leads depression fits rage course,6,0,-0.71760434
drax destroyer cured depression,0,1,0.19876897
sister referred motherly duties daughter doesnt wan na hear marital problems bc gets worries gets actual depression niece wont go 2 aunts bc ones silly ones hot headed im cool headed wisdomous one emoji rolling floor laughing,0,1,-0.09506941
ill add banished banished survival city builder game banished great lacks crushing depression hard decisions child labor paths lead child labor dont deceived propaganda waits propaganda dlc,0,1,-0.16008209
depression gives,0,0,-0.6871682
depressed sad 5 signs depression many words one voice,0,0,-0.7382191
sadly feel lot deeply depressed souls developed incredible way masking depression world fear wrongly judged,0,0,-0.55500257
yeaive got depression anxiety,0,0,-0.7620493
depression stress anxiety selfpitythat stupid things sucks us happening right nowhow deal fam please let know,0,0,-0.9537544
depression death,0,0,-0.809084
weather outside today depression looks like,0,0,-0.4687662
breaking depression one layer time,0,1,-0.078194275
tag level depression pictwittercompawfqcsrum,0,0,-0.62550706
depression anxiety mental breakdowns,0,0,-0.81376004
team proud involved today hearing recent updatesoptimising benefits aiming reduce anxiety depression,0,2,0.9062448
time listen depression music look window rainy weather,0,1,-0.18672463
usually happens try talk pictwittercomhmwncfkefr,0,1,-0.03923268
along depression decided face mentality life could really get better,0,2,0.40165415
aunt gets depression hard cause husband passed away uncle please comment like give tips help pictwittercomwzqhzej8vi,0,0,-0.5741976
depression villainous state,4,0,-0.93733066
im twitter much way get tweets sent come im really checking feel dealing similar shit riding wave depression anxiety write much fb youre,0,0,-0.60676104
mean probably way depressed bom depression depression dont know evolves timei want happiness dont want lose cuz fucking disorder thats treatable thing bitch let cure w pills,0,0,-0.8197429
theres time depression cheers another 3d 3n books food coffees sleepless nights emoji female teacher light skin toneemoji books ill back tuesday things getting worse emoji pensive face pictwittercomr33nhins8x,0,0,-0.58325523
u didnt say anything depression suicide,0,0,-0.5186428
affects 20 10 patients compared figures 5 7 pastyear prevalence general population,0,1,-0.055944853
actually lucky great depression 2,0,2,0.6316222
inflammation contributes disease pathogenesis peripheral neuropathic pain fibromyalgia central nervous systems alzheimer parkinsons multiple sclerosis motor neuron disease ischemia traumatic brain injury depression,0,0,-0.8201588
1 20 us children teens,0,1,-0.0510135
5th wave x bright placesin climate change ravaged america beth lone survivor plague walks grand canyon stranger side must learn forgive surviving lose trust life depression,0,1,-0.3679602
tonight night depression naps energy recovered folks,0,1,0.2527318
depression recovery long process ups downs said failure regret life never managed grow pineapple plant pineapple top genuinely meant encouraging,0,0,-0.40188965
bts saved committing suicidei hv never told anyone abt dis today want share knw giving choice severe depression u cant think something else learning themi working hard nd better thanks bts emoji heavy red heart,0,2,0.5151847
depression real,0,0,-0.7509352
exercising slash risk depression,0,1,-0.33190653
depression anxiety loneliness fighting gon na take next pictwittercomoj1imktfr7,0,0,-0.48660478
lot album concerns anxiety depression deal feel,0,1,-0.23985347
anxiety depression soooooo fucking bad lately please dm ways sad piece shit time please thanks,0,0,-0.9782584
painful sunk deep depression could sink,0,0,-0.82089067
depression real emoji loudly crying faceemoji loudly crying faceemoji loudly crying face,0,0,-0.65393084
depression real,0,0,-0.7509352
depression sucks,0,0,-0.9507912
21 points 5 yesterday see novemberand silent stock market tanking historically low trump worst since depression silent,0,0,-0.60985345
handle postgrad depression im already depressedme literal first day last final pictwittercomd2o1ebun7g,0,0,-0.84985936
treacle spongeemoji smiling face heartshaped eyesemoji smiling face heartshaped eyesemoji smiling face heartshaped eyes depression cancelled,0,1,-0.16308609
took depression times offence stretching,0,1,-0.2676036
every video yousned somehow gives depression,0,0,-0.8923159
gop maintain control house senate upcoming 2018 election left move bargaining depression trump needs everything make happen getting become next speaker pictwittercomeuqfkuoxv9,0,1,0.014795661
depression anxiety differ people cancer clinical update offers guidance clinicians might alter practice explore psychiatric symptoms cancer patients pictwittercomcnifii0mgc,6,1,-0.13699345
meaning avoid letting go succeeding breaking meaningless depression anxiety way life,0,0,-0.66423875
like live highfunctioning depression pictwittercomdflaobzctg,0,1,-0.4169809
guys today another day battling mental health anxiety depression ptsd listening album forgotten made day antid came helped much emoji heavy red heartemoji heavy red heartemoji heavy red heartemoji victory hand medium skin toneemoji heavy red heart,0,1,0.3213661
feel like ever since trump got elected depression 1000 emoji upsidedown face,0,0,-0.4591046
like 2 weeks wrote emoji face tears joy post concert depression right emoji loudly crying face,0,1,-0.30429572
contraceptives cause depression,0,0,-0.8584654
screen teens depression,0,0,-0.536458
depression best advice offered keep taken tablets another illness got go rest sleep apnea dont know basically die times night dont worry commonall happens,0,1,-0.015534088
interesting hear use pk11195 marker inflammation link depression read,0,1,-0.1883293
body gets right fuel watch doesdo know anyone situations high blood pressure diabetes arthritis depression mscancer stiff joints sluggish apathy watch pictwittercom3pnruel0vs,4,1,-0.43670303
hah whole depression day im gon na go cry eyes tiny bathroom cubicle see later sisters,0,0,-0.6726527
inform abt drug scandal u start talkin shit abt yall wan na raise awareness depression kpop right dont fcking hypocrites show support park bom,0,0,-0.9210802
cant pray depression relationship problems away u stupid,0,0,-0.95286185
gives depression,0,0,-0.71132815
favour accept stop trying fix like im extreme make barbie doll kids play nobodys perfect im happy way right suffering depression bad enough well suffered heavy menstrual vaginal bleeding,0,1,-0.04844868
emoji sunflower intimidating madaldal emoji cat face tears joyemoji yellow heart 7 mga ganon emoji rolling floor laughingemoji honey pot dont let depression get u always look brighter side life emoji smiling face smiling eyes stay strong eya emoji two hearts tca gbu emoji call hand medium light skin tone,0,2,0.7721428
metaanalysis 23 peerrun programmes depression found significant reductions depressive symptoms andperformed well professionalled interventions andsignificantly better notreatment conditions bryan arkowitz 2015,0,2,0.6874006
blunt tokin puff piece drops mic blows joint emoji right pointing backhand index light skin tone could one puff cannabis ease depression via,0,1,0.13261037
depression depression,0,0,-0.7056374
pyrocynical comment section gives actual depression,0,0,-0.9255748
wow sample depression thats emoji face tears joy,0,2,0.6210991
pumping halsey kehlani drive home cause post tour depression hitting hard,0,1,-0.4083295
wow love depression,0,2,0.43144214
1 20 us children teens anxiety depression,0,0,-0.58412623
something posted door im offended going post pic dont want give anymore publicity supposedly religious leaflet offering help clean home dirts one depression dirts wtf,0,0,-0.8416821
depression serious condition diagnosed anxiety depression let define whatever negative energy feel put paper art therapy even depression take emoji heavy red heartemoji glowing star,0,1,0.12397541
exercise prevent depression matter age gender,0,1,-0.12251869
major signs depression seriously hope seeking help,0,0,-0.6784477
ive lost everything said mr mcintyre 64 member windrush generation uk lost job right benefits became homeless sleeping mattress cold warehouse fell deep depression,0,0,-0.8940543
genomewide association study depression phenotypes uk biobank identifies variants excitatory synaptic pathways full text 2018 apr 16 nature comm,0,1,-0.068495594
figure regular sleep schedule depression emoji call handemoji open hands signemoji pensive face pictwittercomseqgnrljkz,0,1,-0.1406113
aint stressing bitch aint depression,0,0,-0.55933285
deregulation banks predatory lenders dont lead us another great depression republicans always seem afford time gave away 4trillion,0,0,-0.8185748
diversity depression dicks deepfried chicken,0,0,-0.9063035
hear think places least starting change like lot health conditions overall lifestyle seems key depression always lot time,0,1,-0.14956173
like breathing exercises eliminate depression try yall,0,1,-0.17429785
feel 3,0,1,0.07321539
dealing depression isnt easy heres things shouldnt say someone whos suffering,0,0,-0.807788
pray today learn combat enemys mental attacks promises god declare anyone struggling depression anxiety speak word god lives things cast jesus namethere peace comfort wordemoji person folded hands medium skin tone,0,1,0.33251983
worm dont engage capitalism worms dont depressionim gon na amputate spine may become worm kin,0,0,-0.7949931
u ever noticed depression naps great like second one second wake dont remember also next second nice go back sleep,0,2,0.7792463
true im reading lost connections extraordinary book completely turning around everything id wrongly assumed loneliness depression making look society anew highly recommend,0,2,0.870037
relate inertia caused depression think ive lost 3 months year due meds made groggysleepy time couldnt write read add pain get rabid zombie managed edit quite bit weekend tho,0,0,-0.91962653
suffering chronic depression,0,0,-0.83026314
cured depression,0,0,-0.5256779
big part depression feeling really lonely even youre room full million people,0,0,-0.78177387
whats connection diabetes depression elif nsal avdal juniper online journal case studies jojcs pictwittercom7ckbu54qpb,0,1,-0.120888256
im depression life goin smoothemoji smiling face open mouth cold sweatemoji starstruck,0,1,0.2567411
1 20 children teens,0,1,-0.11721015
show support kids suffering depression pictwittercomhyjidwnkms,3,1,-0.23507777
depression pictwittercomhkm67dbys0,0,1,-0.39522362
thank lisa writing excellent article including links iapt site bad skinsupport site acne causing depression via,0,2,0.40708515
take meds truth postnatal depression chronic pain,0,1,-0.31632766
quick ways ease stress depression anxiety,0,1,0.33116227
inside april 23 issue white paper calls attention quality measurement need depression care get copy,0,1,-0.3379811
get rid depression,6,0,-0.45513648
manage stress research shows stress anxiety depression lead premature aging wrinkles even hair loss,0,0,-0.847862
depression start counseling next monthall want happy,0,1,0.2962478
overcoming inertia created depression actually edits sent proofreaders etc ive noodling along sequels square peg strangers pilgrims im feeling ill lately makes creative thinking hard agony,0,0,-0.80957043
hoggster depression pictwittercom78jota4fnp,0,1,-0.29403678
yes better still hes tackling depression lot exercise talking therapy im happy flo x,0,2,0.92491835
depression doesnt face,0,0,-0.58007693
guy could attract womani mid20s dealing depression control anxiety ashamed say felt anger towards women never even think anything violent anger present looking back1,0,0,-0.75338745
3 post partum depression 6 months severe part scares another kid4 cant see two kids im content life right feel like,0,0,-0.84007514
upmc looking participants depression dementia study,0,1,-0.31186828
well said one battling depression going 12 years diagnosis probably middle school adult life retrospect must strong battle never settle way labeled,0,1,-0.30128413
rt person depression anxiety ptsd doesnt hh,0,1,-0.34988546
hocking fleur bowl hocking bowl set anchor hocking hocking fleur chip dip glasshocking glass bowl fleur gold dish depression,0,1,-0.23339105
research good handful areas including depression chronic pain anxiety promising research showing mindfulness meditation good existing treatments without nasty side effects,0,2,0.82068306
yeah emoji reversed hand middle finger extended light skin toneif ever see someone tell person depression go work judge silently would say punch im strong would say yell im brave,0,1,0.016646385
knetz ones stupid lmfao bom never drugs course blackjacks defend graves fucking stupid yall knetz get honestly like many times yall need get told prescribed medicine depression,0,0,-0.95333934
depression fucking real,0,0,-0.96096396
2 confound gender dysphoria insecuritiesdistress women face today suggest medical definition symptoms unknown herit like saying sad years clinical depression everybody experiences,0,0,-0.71035737
depression epidemic medical profession failing patients,0,0,-0.92040014
sadness depression serious cases dont know person fighting inside,0,0,-0.873164
h8 people self diagnose make jokes depression addiction domestic abuse ur depressed ur sad ur alcoholic ur 23 n drink weekends n funny make jokes ur bfgf beating u,0,0,-0.8823021
true depression especially,0,0,-0.72179514
1 20 us children teens anxiety depression,0,0,-0.58412623
supplements depression via,0,1,-0.40453503
deepika padukone gives suggestions survived depression via,0,1,-0.017878067
1 20 us children teens anxiety depression,0,0,-0.58412623
back got hit bus depression,0,0,-0.6579896
first glance thought said crippling depression,0,0,-0.7644561
honestly tough depression sometimes days physically wont able leave bed normal things hard explain never understood went honestly first 2 years last year college first uni,0,0,-0.7679579
fighting depression instead lifting people hurting,0,0,-0.64573765
mom wants pay attention pamper im chronic depression anxiety im trying hard let show end snapping gets mad upset wan na please god,0,0,-0.46142083
couldnt afford bus got ripped got car accident suffering depression anxiety,0,0,-0.96510774
started sharing journey depression blog go website check need mental health awareness nz,0,1,-0.06215696
hala depression anxiety suddenly attack im vulnerable kind situation,0,0,-0.8520286
trailer cured depression,0,1,0.2661965
depression trashed relationships college social anxiety ruined high school took 20 years ive finally overcome insecurity im sorry everyone hurt along way,0,0,-0.84527457
choice follow negative mental habits past ways lead hellish days choose look world differently w33because choice salvation today id w70choose wisely,0,0,-0.55748993
really matter everyday expert telling us whats bad us dont dont today running helps depression tell whats helps depression expertsnews mediacelebsmps shutting,0,1,-0.3446923
zicutake depression prevented exercise,0,0,-0.6993993
every time think depression going away good look twitter immediately brought right back,0,2,0.52544
kidding anxiety depression kicks everything im lonely mess,0,0,-0.9087731
stop stop doingg things might regret end know depression dont want watch fandoms mourning pls stop,0,0,-0.9502276
doesnt like meeeeeeeeeee,0,0,-0.9552377
one puff could ease,0,1,0.43222168
bad day depression wise four hour nap today work assignments im stressed heck,0,0,-0.8973557
saddens much mental health really changed depression thief,0,0,-0.82894397
depression def helped vision goals,0,2,0.44127503
depression real dont care youre exploiting someones illness profit anything happens park bom,0,0,-0.8597831
lord please help friends dealing depression anxiety suicidal thoughts know help pain ease sorrow allow see hope new day bring amen,0,2,0.64505804
filipino kids young 10 years old committed suicide depression sen joel villanueva,0,0,-0.8916145
universities give free ipads university gave free depression,0,1,0.17027594
lonely millennials greater risk developing anxiety depression reasons isolation unclear,0,0,-0.84287906
dont think people realize depression real thing serious,0,0,-0.84033203
92 uni coursework emoji smiling face heartshaped eyesyep depression worth,0,2,0.4963009
park bom crazypark bom deals depressionpark bom nothing wrong,1,1,-0.16565144
really choice simply decide longer want difficulty poof well,2,1,-0.029136628
anyway believe hyolyn really cured depression like queen,0,2,0.6865171
never knew holiday depression could get bad ive sitting study room staring window routine almost week straight,0,0,-0.82625896
oops defeated depression dont want bad things happen,0,0,-0.5019532
1 20 us children teens anxiety depression,0,0,-0.58412623
reason depression hit morning lmaooo,0,0,-0.5897956
youre brought personality may make feel like paranoid normal thing may get depression,0,0,-0.46548516
grandpa uk infantry gaza lowered age joined feed sons depression 35 said 25 spent nearly 30 yrs never marching never talking carried shrapnel time kept post war nam,0,1,-0.38442737
mulligrubs state depression low spirits pictwittercombsjxroomoq,0,0,-0.52717423
feeling terrible last time forgot depression medication ended puking right leaving chemist hope alright,0,0,-0.86704403
rainy days depressionemoji two heartsemoji revolving heartsemoji growing heartemoji heart arrowemoji sparkling heart,0,1,0.16626704
side spectrum descend chaos depression lose grip life lose work ethic matter try much effort think youre putting things seem never work,0,0,-0.8264239
studies show depression make smarter improving recollection critical thinking raising attention span,0,2,0.69175124
bandwagonning hate literally pls read park bom nothing wrong career ruined trying deal depression mental health,0,0,-0.96322054
depression fckin bich,0,0,-0.94241905
four stages vice pose depression overthinking anger,0,0,-0.72160727
depression hits suddenly kills silently emoji skull,0,0,-0.86209995
dear troll suffered depression man years medicated many times period good friend prayed turned god take depression god answered depression medication,0,1,0.044130683
anxiety keeps awake antsy depression makes unmotivated wan na anything please let end,0,0,-0.74086106
one puff cannabis could ease depression stress anxiety sun,0,2,0.55379915
could one puff cannabis ease depression pictwittercom4hjlzvzmgw,0,1,0.104860574
depression anxiety patients cancer,0,0,-0.81997746
sorry active lately depression getting best emoji pensive face love much emoji beating heartemoji beating heartemoji beating heart pictwittercomherk360cyg,0,2,0.80361515
gone depressive episode last night breaking bathroom floor genuinely wanting exist today feeling motivated wanting leave house independently go cute spring photoshoot depression weird,0,1,-0.0719911
meek jail eatin dumb good couldve depression knows,0,1,-0.3656337
depression hit im traveling like 6 times anxiety plus depression hate,0,0,-0.9392392
power rests history told order discuss americas worst terrorist attacks citizens conversations begin healing important educate youths persevere mental depression generational curse pictwittercom440nhcyefr,0,0,-0.47645172
zicutake depression prevented exercise,0,0,-0.6993993
lowpass pizzicato strings number one cause crushing depression,0,0,-0.87585855
like incorporated manic depression aaaaaah,0,0,-0.4763769
bom saw friend dying literally front causing depression anxiety years suffered lot took legal medicines became really successful singer drug addict inspiration role model,0,0,-0.44554555
depression obsession,0,0,-0.74259645
tropical depression gon na steal sun awaymm feel lucky todayemoji multiple musical notes,0,2,0.65413177
depression costs south africa r232billion per year 57 percent countrys gdp due lost productivity psychiatrist dr renata schoeman also lecturer usb mba alumnus says 40 percent,0,0,-0.7454871
sometimes depression pack really hittin,0,0,-0.83475393
others well worst form depression,0,0,-0.86910594
youre alone,0,0,-0.5571344
course suffering depression losing wife never suffered ill feeling innocent civilian deaths attacked kuwait attacked iraq killing innocent civilians sacrificing american soldiers supporting israle,0,0,-0.94678396
advertising us chasing cars clothes working jobs hate buy shit dont need great depression lives,0,0,-0.8934277
important identify illness may depression seeing qualified counsellor key,0,1,-0.17944154
reposting via best keep legacy mental pictwittercomrkptswml62,6,1,0.18829714
one puff cannabis could ease depression stress anxiety,0,2,0.52107227
thus time depression nyela,0,0,-0.50506884
moldy orange taste back depression ahoy,7,1,-0.36128384
depression fucking sucks thanks,0,0,-0.97559905
app aims help caregivers identify perinatal depression,0,1,0.18028219
wow hi depression,0,0,-0.685755
drug scandal park bom still talks mean artists way bigger used hut dont investigate people gave explanation depression enough,0,0,-0.7736585
must real important devil taken people tried make lose mind trying make lose temper tried hitting depression taken best shots grace god im still standing god good amen,0,2,0.4779779
doesnt matter live gender old aresliding pair running shoes may best first step warding depressionemoji man runningemoji man runningemoji man running,0,1,0.4352433
initial recipe 7up used contain lithium drug used stabilize mood cure depression,0,1,0.2309526
park bom deserves listened respected treated like human isdepression anxiety bipolar dont come go dont disappear opened often open mind gets louder louder thats realise nobody cares,0,1,-0.016101688
oh thats really going alleviate problems lift nadir depression sing around campfire reminisce good times,0,2,0.6566008
upset idek like theres nothing ik im gon na write two exams 2 hrs im mindset bc wave depression knocked fuck loooooool,7,0,-0.78906876
emoji crying facewell surprise surprise didnt get job knew wouldnt didnt expect low selfesteem selfbelief confidence feel justified reenforced confirmed official rejection know im worthy trust respect promotion would show,0,1,-0.22494736
okay year ago speaking something sent hill depression anxiety time high still bad trust issues shows get tough spots life,0,0,-0.9015533
leeds nurses expatients offering way darkness mums postnatal depression yorkshirepost,0,1,-0.1946688
stand depression want okay,0,1,0.31885263
ive suffered depression since little im one teenagers says time seem quirky hard extremely hard especially people around dont care ive opened friends many things forget,0,0,-0.8859918
hear sing increased depression anxiety,0,0,-0.7550271
thanks great promote ppl depression active robust evidence exercise helps people depression comparable effects icbt,0,2,0.7815624
listen back advice suffering postnatal depression,0,0,-0.6852317
ive never understood churchill called depression black dog think things life affirming big daft mutt chasing world,0,0,-0.7240912
dani babe didnt draw 20132016 cos depression drawing fun enjoyable burden,0,1,-0.07087663
bitch depression hours every hour fooling thinking well ever free,1,0,-0.8233245
never question depression anymore cuz ill minute really really terrible day comes around n wonder couldve ever questioned,9,0,-0.6325081
overcome depression,0,1,-0.11780131
hard beat heart endless doubts yearning somebodys company say listed numerous signs depression,0,0,-0.7710268
every year spring comes feel like depression growing growing feel like im gon na kms,9,0,-0.44009104
almost feel like emoji smiling face heartshaped eyesdepression joke emoji crying facei cant wait,0,2,0.85456485
craziest thing depression always think ive hit rock bottom shit couldnt get worse today turned costco churro cause sad cried eating churro realized definitely rock bottom isnt,0,0,-0.91743386
love proud fact brushed teeth every night past three days like depression makes disgusting,0,1,-0.055766106
stick autism help acting depression,0,0,-0.48764768
post europe depression never worse fucking shaking sadness depressed mind,0,0,-0.9538826
depression sore throat halaloya,0,0,-0.64474416
one puff cannabis could ease depression stress anxiety sun,0,2,0.55379915
one puff cannabis could ease depression stress anxiety sun,0,2,0.55379915
supporting partner 18 tips pictwittercomde3m1xyuq4,2,1,0.18980333
25mg highly recommended medicine treatment buy pictwittercomv7lyhtoq4u,0,2,0.603815
lets get little inspirational deep gone therapy entire year got diagnosed severe depression anxiety finally dont go therapy anymore put aside problems living thriving talk someone helps,0,1,-0.34622413
mabel cured depression worldwide,0,2,0.4896056
crazy see weight meek put prison comparison gucci coming ripped af depression real,2,1,-0.41382366
dont think trauma like 2 gna get better help mom depression obviously dad fucking trash,0,0,-0.96163076
things never imagined researching dog anxiety depression nightmares 4am,0,0,-0.76968676
praying morning lord reminded time life think wants share oldest struggled bipolardepression seizures taking life 2013 22,0,1,0.3003939
give 4 hours ill dm im done w depression nap,0,1,-0.029305808
ive taking naps like 6 7 sleeping clear night lately never thought id say thank god depression emoji face tears joy,0,2,0.7010152
yesterday talking mom would sing depression church ever tell,0,1,0.021661669
wrap tight ricepaper string namjin namjooncentric 76k lot dark stuff mainly abt recovery healing big tw child sexual abuse rape depression drug use suicide attempt recommending cause wellwritten pictwittercom6fqddxe5by,0,1,-0.3794933
would willing support companys cause focus saving lives teenagers encouraging learn love characteristics make different decrease suicides homicides bullying depression,0,2,0.7132672
depression like war either win die trying,0,0,-0.8229697
see youre coming still think nobody deserves go going caused depression anxiety lead trying committee suicide really heartbreaking hope doesnt take go learn lesson,0,0,-0.95582396
lot thinking depression recovery process hard two years im youre spouse turns back worst feeling ever depression illness say would never turn back anyone emoji heavy red heart,0,0,-0.6066018
get excited sleeping sign depression,0,1,0.22792003
know depression alcohol addiction doesnt blend,0,0,-0.84109443
depression sets,0,0,-0.5810111
passive suicidal depression wish didnt wake,0,0,-0.8718635
ugh sorry gross main depression depression depression,0,0,-0.9440992
everyone tells u brush u cant brush depression,0,1,-0.4265607
fear depressions pain makes depression worse,0,0,-0.9595623
could one puff cannabis ease depression,0,1,0.24943049
ever fake woke mental illness depression defended artist stay silent decide defend bom everything weve seen shame honestly,0,0,-0.7422698
try particular ways may ask specifically wondering seen improvements wrt anxiety depression,0,1,0.12655258
call happy meal tastes like whole lot like depression,0,0,-0.78390807
group message beautiful literally takes away depression,0,2,0.84386975
depression hotline outta service emoji face tears joyemoji smiling face open mouth cold sweatemoji weary faceemoji woman shrugging medium skin toneemoji face rolling eyesemoji hugging face,0,1,-0.054085463
isnt anyone thinks non business cant change might well accept otherwise ke depression fela,0,1,-0.3079396
judging depression suicide demons cast jesus name heavens best healing deliverance baptist church pictwittercomonq2c4ycwm,0,1,0.0037686676
dont even think depression honestly think im sad lonely lazy mental illness convenient excuse,6,0,-0.9033805
mine bothgoes depression,0,1,-0.4200027
reason speak speak anything else sisters love love strong depression lead harm love im giving reason maybe italy condemns lot even amanda cleared,0,1,0.078354776
course mindset knetz cant grasp concept depression mental health thinks going church answer everything,0,0,-0.58617944
1 20 us children teens anxiety depression,0,0,-0.58412623
say depression sucks,0,0,-0.9579662
granblue reminded depression,0,1,-0.42975235
prevent depression matter age gender,0,1,-0.32710922
yesterday struggled really badly depression worked morning permanent writing job offer emails genuine producer currently reading animated short wrote keep going even feels impossible,0,0,-0.69917005
hi depression good feel buddy,0,2,0.8020253
exercise prevent depression matter age gender finding important could help reshape health policy putting greater emphasis exercise allay malaise via quartz,0,2,0.6041179
evens really good depressed character btw like obvs everything show unrealistic pathetic good see depression especially manic depression shown person instead film character yknow,0,0,-0.23832726
well im bipolar anxiety depression also suffering ptsd get fuck daily dont small children husband works ass least cook clean catelyn uses laziness mental shes,0,0,-0.9668596
know im reason depression motivation change,0,1,-0.23422408
depressions villainous state,6,0,-0.95885
1 20 us children teens anxiety depression,0,0,-0.58412623
federal reservestight monetary policycaused great depressionfederal reservechairman ben bernanke andthelate nobel prizewinning economist milton friedman blamethe federal reserveforthe great depression forthewrong,0,0,-0.7709239
lil prozac soundcloud rapper songs made using crippling depression anxiety,6,0,-0.7220506
respected devendra fadnavis sir abdulla shaikh mumbai sir friend hasham qureshi want justice illegally possesion taken jj marg police station sir family depression due suicide anything happen government,0,0,-0.47568363
girlllll type depression swear pain physical aint nothing wrong brain thought would nice wreak havoc every,0,0,-0.6182122
girl made season 4 dealing mental illness depression ptsd survivors guilt blaming death someone camp,0,0,-0.6900095
1 20 us children teens anxiety depression,0,0,-0.58412623
1 20 us children teens anxiety depression,0,0,-0.58412623
love lauren much emoji loudly crying faceemoji loudly crying faceemoji heavy red heartemoji heavy red heart helped threw depression anxiety hardest times family friends emoji smiling face halo thanks much everything pictwittercomc6jssmcffx,0,2,0.85888
fvck depression,0,0,-0.931406
suffering chronic depression,0,0,-0.83026314
depression im always u darling,0,1,0.3293156
one 20 us children teens anxiety depression,0,0,-0.69922525
reagan bush 43 trump gop used maga slogan robbed treasury reagan robbed soc sec savings fund gave us inflation trickle bush gave banks trillions started wars trump give us recession depression dems cleaned behind,0,0,-0.77425295
rt depression could improved vitamin deficiency treatment emoji rightwards arrow pictwittercomqggbqpzumr,0,1,0.3263421
ketamine nasal spray shows promise depression suicide,0,0,-0.66362774
dont mistake bad day depression everyone em,9,0,-0.48279545
